ID,Cell line,BMP 16:0_16:0,BMP 16:0_16:1,BMP 16:0_18:0,BMP 16:0_18:1,BMP 16:0_18:2,BMP 16:0_20:4,BMP 16:0_22:6,BMP 16:1_16:1,BMP 16:1_20:4,BMP 16:1_20:5,BMP 16:1_22:6,BMP 18:0_18:0,BMP 18:0_18:1,BMP 18:0_18:2,BMP 18:0_20:4,BMP 18:0_20:5,BMP 18:1_18:1,BMP 18:1_18:2,BMP 18:1_18:3,BMP 18:1_20:4,BMP 18:1_20:5,BMP 18:1_22:6,BMP 18:2_18:2,BMP 18:2_20:4,BMP 18:2_20:5,BMP 18:2_22:6,BMP 18:3_22:6,BMP 20:4_20:4,BMP 20:4_20:5,BMP 20:5_22:5,BMP 20:5_22:6,BMP 22:5_22:6,PG 16:0_16:0,PG 16:0_16:1,PG 16:0_18:0,PG 16:0_18:1,PG 16:0_18:2,PG 16:0_20:4,PG 16:0_20:5,PG 16:0_22:6,PG 16:1_16:1,PG 16:1_20:4,PG 18:0_18:0,PG 18:0_18:1,PG 18:0_18:2,PG 18:0_18:3,PG 18:0_20:4,PG 18:1_18:1,PG 18:1_20:4,PG 18:1_20:5,PG 18:1_22:6,PG 18:2_22:5,PG 22:5_22:5,Total_BMP,Total_PG
1,LacZ,0.17613815312433356,0.5321274898699084,0.31993567924930694,2.468383919812327,0.174017551716784,0.06872734058434635,0.8927682661548305,1.4805737470676057,0.1151520153550864,0.04604668372787374,1.8632695244188529,0.06034943484751547,0.4929906376626147,0.04524263169119216,0.09633770526764768,0.02547468543399446,84.65393704414588,4.205857368308808,0.25407641288121136,1.1648043292812968,0.42268863297078274,23.90618249093624,0.1732832160375347,0.04825043719343144,0.02024103220302836,0.936703007037748,0.04398191512049478,0.01942115589677969,0.00656572830027724,0.02392062273405843,0.11028650031989765,1.2988306675197272,0.11238441032203028,6.398301407549585,0.03012239283429303,23.40277739390062,0.34633250159948825,3.7553775858391982,0.03010134357005758,0.05430635529963745,0.4147061846875667,0.07464322883343998,0.22720620601407548,5.817601322243549,0.6189325655790148,0.0523044359138409,1.348039816592024,31.556563403710815,1.793699018980593,0.03783911281723182,0.01369739816592023,0.16983024098955002,0.00302362977180635,126.17935301770102,77.80077268074217
2,LacZ,0.2368620518534471,0.36708062658589335,0.2664219623411766,2.213926030655144,0.1577416878119119,0.03563425436091422,0.4662180503927866,0.6445715302291177,0.06211314500800554,0.02410297656388985,0.9224437598898888,0.08477169689422384,0.9312850441475268,0.05592423291916743,0.03770513384706136,0.01373389762268143,38.01940141009916,2.5761360661417028,0.12714987687381205,0.6076331120495126,0.20371342964953512,12.137457701706914,0.0870032864860816,0.02870812071048024,0.00941320774150054,0.474068594863344,0.01993985075046114,0.00790284735161655,0.00359985393395192,0.01091203265887023,0.04865347702736866,0.7386931208509284,0.20412660930141105,10.220863325249764,0.0761687250119381,23.69415155288808,0.23587222966077095,5.607324369622007,0.01256186739824533,0.04848070710948399,0.25801050551961124,0.04780129399537457,0.37827462289678937,9.664846078220242,0.8060834823643975,0.08267145438713121,0.9959173790507582,24.592959129596164,2.4095322515706785,0.02874561099615172,0.03113188078763307,0.13024518497017817,0.0065681407477458,61.67767620153369,83.40266898250016
3,LacZ,0.14711080230439347,0.3189186652187518,0.2649305000828257,1.7820709539673485,0.12359417275588525,0.03307745117888499,0.5013604571975484,0.7150773591503929,0.0797746958458339,0.02902079843919678,1.0656193885626992,0.04984235519316781,0.4935615210469162,0.01798050836538992,0.05421196002282307,0.01234479394820636,44.08452117575603,2.13848627855184,0.1180870405477536,0.7599847600817214,0.22489389114869968,12.489985165007088,0.05125753253207194,0.03274324050726106,0.01155539194934751,0.5102426791334598,0.02935178811359997,0.01136870295043345,0.0062661279932267,0.01712642874233863,0.06258681047652354,0.8017569711582707,0.1761246433895935,5.486419263403952,0.03277377556091367,25.260741952108376,0.593745872522133,2.9635894240856975,0.0245862583055714,0.04173729546667649,0.29456470523274014,0.05188652886933796,0.26500406765934736,6.905477130919734,0.5886695809022474,0.05279369052658704,1.2878425576558503,24.97778572085918,1.5544309694281353,0.03605957924573448,0.0186955697483941,0.1409228801236863,0.00553328670556404,67.08973663286156,71.33035430969429
4,hAlg12,0.35767195314431327,0.2796318101431913,0.18977764466503128,1.7128795139483146,0.10504153117690684,0.02662161751003099,0.3123920550706448,0.7107387377108411,0.06897769410690856,0.02860646167303706,0.8657665012265389,0.05513423469678818,0.5717441382851275,0.00933932340692566,0.03283292448704052,0.00857964896267138,30.80830703405785,1.678871869473444,0.08679723125487288,0.6773639112328141,0.14839488847053456,7.926019719702589,0.07408642820468937,0.02500376518911518,0.00797691444653621,0.2774918896305171,0.02003213722022553,0.00719367904615209,0.00319390723943179,0.00876227965086428,0.04266423260501645,0.49191283016715154,0.46871820031566735,8.117566033430316,0.09980953467587048,24.619937379960827,0.4718451518436116,3.5422108505904504,0.02132239907201399,0.04023585677068477,0.3361864909578413,0.05331618080514196,0.34396373628463306,8.746876775628957,0.46160385646642704,0.07862983246810047,0.8687889592484835,21.35676372487497,1.8329834179550075,0.03580400098883755,0.07695593968090975,0.12136621218171792,0.0060115047445186,47.704745222203215,72.85954625667941
5,hAlg12,0.2983876228001051,0.4437157867086945,0.3124268978198056,2.3214306488048333,0.16790306277909112,0.03802130811662727,0.6434417651694248,0.9561591804570528,0.08656199632256369,0.02968117677961649,1.100730233779879,0.11702587864460204,1.2289290464933018,0.03987444181770423,0.04572597846073023,0.00997600210139217,60.90526358812713,3.317073286052009,0.13832485421591803,0.753041134751773,0.2403406146572104,14.373614289466772,0.07897603362227475,0.03227891778303125,0.01023298135014447,0.5513761176779617,0.03012026267402154,0.00855106908326766,0.00441439453638035,0.01238678224323614,0.04947299185710534,0.7437873811400053,0.2003554084581035,11.080348578933544,0.05643717362752823,30.593399127922247,0.6734405253480431,5.648114841082217,0.03064378250591016,0.06181991069083267,0.3888475545048594,0.05688861570790649,0.5203372314158129,13.535357541371155,1.1143845547675335,0.11090162332545311,1.5637388810086683,32.33003341213554,2.5922222012083003,0.04878413448909902,0.04574142369319674,0.15967472550564746,0.00522137115839243,89.13868973995271,102.8005307906488
6,hAlg12,0.47902043555787066,0.2909265522008294,0.2518504998697734,2.064479834912748,0.12720020836255086,0.02795245727565964,0.4141533668583335,0.6060167291086491,0.0493147075912087,0.01780327770320357,0.806203714463166,0.1155540640714844,1.324032476509126,0.05892927694187887,0.04847170075932121,0.0092420812213251,45.441133552381146,2.195349668423056,0.10054234367799972,0.5743570612866388,0.15197613848095687,9.891953519123277,0.06369701280227597,0.02110097569771402,0.00664153627311522,0.35144998297036845,0.016945825736782,0.00718119527978682,0.00364844830004207,0.0081784705387374,0.03535523811431892,0.5128350930619278,0.262473003025264,13.471009216035904,0.09871440306132671,22.788437100554965,0.5760894957225573,6.895667000581011,0.01587646504918558,0.04281495802696692,0.1925034359786028,0.04180716446617114,0.4987564161641256,12.752987297898342,0.8372719732334262,0.11429733736701862,1.0572544026606296,21.94849908841384,3.048270210165689,0.02696850519904634,0.09443948470338388,0.10095466111033198,0.00812798268988039,66.08234810570393,89.30149690461403
7,scramble_1,0.3676413683932811,0.37575024184328554,0.2123725266027614,1.668576026734676,0.13669510157417994,0.04316630023744614,0.5085313516841087,0.7424530824026031,0.08145492920587459,0.03639310526778647,1.245001143259168,0.03183783308416146,0.34594653064814,0.00765966053997009,0.03347849793333919,0.00755131474804326,20.08154990765984,1.2566752264532584,0.0630945387388972,0.4792706006507784,0.18223410430041337,8.069162078972825,0.06282560900536452,0.03098179579632398,0.01246732917069738,0.4926360038694925,0.04276211415003077,0.02118969307888488,0.00886131386861313,0.02264374285463019,0.09417518248175184,1.1400058042388532,0.5774262597836601,6.80435177205171,0.11173142203851905,29.261859291179313,0.280078972825609,6.34870653416586,0.03513710315715417,0.06508275437516489,0.33567584205434875,0.11844393632925866,0.22042458886641456,5.483681646293202,0.45495945827104034,0.05809708908627209,1.6736951895171923,12.618013367337964,1.7765547445255474,0.05249582270688593,0.0211601442265412,0.22271726321343768,0.00787388971946178,37.92989675490282,68.92191240875911
8,scramble_1,0.449186686741582,0.4405983188920242,0.27215106041419473,1.7463806124178642,0.1511603832846417,0.03949247689224357,0.619478397862221,0.9415098064631924,0.08856625220608033,0.04522349961611711,1.573535591428942,0.03878054860356363,0.3583468706065351,0.01938315501889502,0.04197947971403217,0.0114158399058739,24.082891266414737,1.4681279077883362,0.09242643906232864,0.5982496734502598,0.23253657855640092,10.035529190056936,0.07993949606644665,0.03629242903151828,0.0159065718758413,0.5982253841321755,0.05492526747165748,0.02163913013131787,0.01241840244887378,0.03033847503764046,0.10269160742240084,1.2361208084474182,0.43524196587929137,6.393348735180625,0.06953515270562664,28.347519837273538,0.4585375158289378,5.597417933812606,0.03235393006351517,0.05926244628132136,0.3198383902842728,0.099864554147431,0.1977869400045867,5.182116939705457,0.44723055907309733,0.06610044769720115,1.5327178111694972,13.10937268548524,1.8575046614352235,0.04643573201982232,0.04218454297992841,0.1994705806104237,0.01307770388170424,45.56478226361289,65.82071069188662
9,scramble_1,0.33096983394344526,0.3158632924823598,0.1891380762905194,1.5055311369303412,0.13404734468672078,0.04079794153535997,0.5013008647673617,0.6603096397686881,0.06987388190354926,0.03598569685394451,1.0976216881532177,0.03040070030240331,0.3544711761897183,0.01568023767839143,0.0235255557323996,0.00898780837179691,19.55404012944984,1.2668570215926576,0.0688894477160592,0.4122008806833254,0.16542638866783385,8.031651673828852,0.05470643535466073,0.02278890126797177,0.00873884025677754,0.44180773515836386,0.04422288715581728,0.01666838559074752,0.00724220913576317,0.01824597591384158,0.07595012998037032,0.9352047535678284,0.5131729004191204,6.818451291845721,0.11184179532070668,23.76227835959467,0.29604180593134916,6.196920664226219,0.03698231205899517,0.07328590376147276,0.209365398694891,0.09003940792614994,0.18746378057191365,4.8893702795904295,0.4519405591808584,0.05128847153695156,1.4282593665446444,11.773394217199852,1.7858563106796117,0.04697668841848374,0.1122901161865351,0.20749308716642795,0.00447058199373972,36.45832122659027,61.7031510849382
10,scramble_1,0.9971075558681044,0.5198952180028129,0.23118678699796844,4.842868065322707,0.1871899710892327,0.0415342631661197,0.6685240662603532,0.6474808563838099,0.06792537896546334,0.02525726676043131,0.9130659868729488,0.11200054696046256,1.2906585013283325,0.02661550632911392,0.02811171667448038,0.00896030629785904,14.3452552547273,1.5111275980621972,0.08138087982497265,0.4614307508985779,0.1496189834349117,8.826878027816845,0.05561603375527426,0.02180334817940303,0.00686421706516643,0.38576875293014534,0.02359710501640881,0.01465156665103922,0.00523331770589154,0.0164345210189092,0.05063869354586654,0.7803342709798404,0.34635396155649323,16.276004356149397,0.18927334349117045,19.178492850445384,3.3516892092514454,12.117893049695269,0.02143414986716674,0.08011370917330833,0.18375341850289104,0.05561316221284575,0.33809595249257696,9.335108083294264,0.922711224410064,0.1386119510861072,1.4865432294108454,12.08965156665104,3.780913560712611,0.03795399671823722,0.03750316455696202,0.1607292545710267,0.01047511329895295,37.43446208391936,83.00503010235974
11,scramble_1,0.3713245326722282,0.35259144785653534,0.1970376938528076,1.5993380503429182,0.13708515951575254,0.04090201045945604,0.5053936410850328,0.6086872477877708,0.05975327988997665,0.02840788259351079,1.0531675503519662,0.02775831056260292,0.3396124210564413,0.00422753840864262,0.02968093230307088,0.00831586471471743,17.566099907710683,1.1294347550713886,0.06978009808002027,0.4331192522755651,0.14376936718481387,7.1420762744069055,0.03965176164021643,0.02426432746421527,0.01045699498742332,0.4102698467273484,0.03548261884511682,0.01388244874323664,0.00727627078771647,0.02036474186134887,0.07469039648214836,0.9379155100342014,0.4036046398002208,5.505099021009393,0.06204945621686179,23.807542787861237,0.2995358028265866,4.986098315267549,0.02452273755451403,0.06594422829843832,0.1898142451276669,0.07991661388682796,0.16835772063480575,4.253303414704765,0.4006686451566204,0.0441798917862507,1.2120963428095763,10.116404534843742,1.421058522285156,0.03189857222996326,0.0893988708130508,0.2006872296918261,0.00852892636760102,33.44500828794267,55.0599631204647
12,scramble_1,0.04732093722812865,0.15063361693970542,0.07927525546691834,0.4877513750239616,0.04992246781780381,0.01757901411150596,0.19116295324181257,0.6128308683663389,0.06128862969461935,0.03846051874898625,0.935903106890603,0.01082766857867496,0.12764149107156025,0.00128837902000973,0.01583337511243494,0.0094853060442072,6.607944055325363,0.49597204240824583,0.04110519486264507,0.24350838285385673,0.0881396994853798,3.276476768361916,0.03038508043705856,0.01858570859813911,0.01042841765339074,0.2825242195909581,0.03577424539569725,0.01356947373077547,0.00612212277157644,0.01834066679446156,0.0817476591415132,0.5848421192326408,0.3370591297167378,1.2210080068419429,0.0713070616512084,16.118869044634828,0.259864252326113,0.9702321836707613,0.05887361576006017,0.03324868395829954,0.4300234896854772,0.09141194685698278,0.1281219753159238,3.336109249893095,0.3257222820236814,0.01302612914166064,0.7324446082840588,8.00865771119336,0.3097852750785202,0.03614387248035154,0.10422069687541474,0.18568646504563757,0.00409159945146497,14.69344446082841,35.884403556630346
13,siTFEB_siM6PR,0.1033302735765697,0.4258267777329776,0.2122167337239528,1.4968657510273062,0.13343278972608028,0.05272540255818542,0.6593088781559103,0.6566433210085187,0.07521065138504036,0.03139758250619815,1.1339912325100583,0.02694141566652654,0.2469896797549907,0.00488685477021798,0.03131615294208481,0.00667181964020692,20.15612597047192,1.437805776935153,0.08198756080194224,0.6237434951572917,0.1852748376470185,8.69701205315398,0.05961905170417013,0.02692424099444954,0.01175672360101915,0.33772407285080686,0.02536759117074301,0.02582986608559883,0.00928621307917335,0.02418325941304142,0.07722369109610781,1.1219168375269155,0.09036964149373322,2.5013806137242964,0.01217371983494471,16.104352157986394,0.3410903085778994,2.467369478497345,0.02451137972153353,0.0396409446927518,0.11796273387837038,0.04952466821656215,0.09913400876748994,2.511858004409482,0.23008728027657915,0.03336041932965591,0.8622640198340868,6.399093774395842,0.7631597965118773,0.0177332692786123,0.07574522806626233,0.15278984618288194,0.00398908782073828,38.22962201995419,33.209486389801576
14,siTFEB_siM6PR,0.06615899776032222,0.3030583929827732,0.18480563856634807,1.5310852820251335,0.11845127893992888,0.04463883097855203,0.42012433761690543,0.6430794859713554,0.08246855092201145,0.03343904784648848,1.107315575119568,0.02767117399133819,0.35084244157151806,0.00137873790606262,0.02931259318544145,0.00761947422434213,17.313056766473252,1.1520169363531334,0.05547283019111488,0.5034440048278934,0.1561549443953193,7.570998095951154,0.07761866096958041,0.03239482873241983,NA,0.46333861733781706,0.02991684147341109,0.02046528499415876,0.00866170538232655,0.02175799861875779,0.09299016994442762,1.1056203003879097,0.1329241414030581,0.5626762406975919,0.0189441371431522,14.072837716948618,0.13747782589893698,0.6645291706737753,0.0192414269393867,0.03842466098248921,0.09664294888758368,0.03642098197285278,0.0964226472087935,2.471189533540305,0.22820226807716887,0.01090791503424061,0.6546348421575778,5.358381648841759,0.18411753467627945,0.01608039604216016,0.03824475095686523,0.168554730109144,0.00279904216661395,33.69228796963849,25.21882070314265
15,siTFEB_siM6PR,0.5132296092830316,0.5235821327802381,0.224701870433694,2.7074379916662004,0.17630878038754044,0.05804505110525628,0.732921071808958,0.7121830633256723,0.07370175831978625,0.02484145224881813,1.1480034007885347,0.03576504662069997,0.49016873143113415,0.02204587327391297,0.03546996281555394,0.0094370573836351,25.73944929648523,1.7581362557691953,0.0371687874880879,0.6219286208120784,0.1939754844255097,9.634039426724222,0.03378042491171031,0.03541306500738084,0.01314326288842798,0.4999143449744942,0.02990300278416204,0.02962243773006708,0.00720692490236747,0.02379243978548873,0.07413823644823142,1.094836519236878,0.13955763589139902,8.21968495991928,0.02919367677560402,18.23790218061551,0.74234256404507,7.756560214511277,0.02552736513631183,0.04630631388157036,0.15123463572322815,0.04896455331950596,0.1502569090195639,3.927376179531738,0.20224829493431995,0.0724819216323785,1.050777603378366,7.290992787338603,2.2598144327970555,0.02364424388512061,0.04149890688939964,0.13233828503092476,0.00770409402619728,47.36941515780033,52.35860332230881
16,siTFEB_siM6PR,0.12814572124199708,0.5612740088370556,0.1837917130061018,2.0096491027683427,0.1791823469295741,0.06021622230905648,0.7011487120141875,0.7066752382097449,0.07053264300099193,0.02996624485256545,0.9946143857645257,0.03925293817066939,0.48631652589497737,0.03783227629324597,0.03937812979049566,0.00918548799182422,26.769379632691095,1.913236511467132,0.08400357690342362,0.6204398839760739,0.1914005230094082,9.914092593705853,0.08623693227929906,0.04261280771889748,0.01092154858877634,0.4583743875680063,0.03256581201719319,0.02036594126664463,0.00442715440800745,0.01773397156512068,0.07372881661606903,1.1559033785205448,0.08138865009468275,4.259717980702757,0.01351396194655685,15.425943806546634,0.13567194685743486,4.157207715891672,0.02860923081547387,0.03855123388139109,0.1211373049986474,0.03731962187020951,0.11972758423757857,3.0436870660374526,0.3664718506717966,0.04187449277104813,0.8539407706874269,6.188452899095255,1.0817896239742704,0.01581422645706213,0.06503283837806968,0.13086553548348315,0.00500009017403588,47.67974232769245,39.03549642309658
17,siTFEB_siM6PR,1.7309627934094884,0.6082501025718544,0.4300550648901942,13.360735343021876,0.3048846228594874,0.07911032412705954,0.8641611781727095,0.9440791422833577,0.11372864885875318,0.03520421516335918,1.615869787730247,0.10553631043641624,1.3132201947785531,0.02005737545617483,0.07252555658727246,0.01554106113282515,44.15914606232051,3.484939320650414,0.14374661512880868,1.2736813578354105,0.27437584486816824,16.69926387959144,0.10542989483685676,0.02343728001036516,0.01636472391975642,0.5654303699064978,0.03790859228227775,0.03447699151352869,0.01071381372951262,0.02692329784707076,0.09775890215724808,1.5308316310004535,0.2573469304022976,6.1811284847437875,0.05916148048975362,22.031953335204825,1.0011720183981516,5.917234576432228,0.01981385907706925,0.05005705154505604,0.15368770649333824,0.04638919000626229,0.2560173400418926,6.715466302446611,0.4663598652529747,0.08153505798009028,1.0687105530242502,10.049583731024208,2.049076356647736,0.01861653242350299,0.08216448206612106,0.1723078667213717,0.01077609104061845,90.20213619382842,57.69623321600554
18,siTFEB_siM6PR,0.05053215382985485,0.33293940036020764,0.11406409577285728,0.9650479923720732,0.08602871066850303,0.04536275029134443,0.4693375357559063,0.7973568174594765,0.09850789278525268,0.02884807712681428,1.2502208920436486,0.01608602606208285,0.14099141858247694,0.01312448352579722,0.03027831338065472,0.0077118338807077,15.114392202563833,1.0588944803474944,0.06778779531730057,0.5244401949359042,0.18570018010382455,7.57320214005721,0.06978493484479288,0.02227810149380231,0.01589755270685454,0.4752024578874881,0.02937419218137514,0.02100879330437546,0.00768428858989299,0.02061881555249497,0.08871162199385528,1.0036450895221951,0.09941911219408836,1.83553564996292,0.01377921389977751,11.246044496239008,0.1421758660875093,1.8897947875834304,0.02396906451954656,0.029949147155419,0.18972136878906665,0.06176554719779637,0.06109799766924462,1.450711092276724,0.156498993537451,0.02097044178408729,0.5216711516050428,5.112619980930183,0.6498972348765758,0.02896715753787477,0.02289405657378959,0.18115870325246317,0.00429515838542218,30.72506123530035,28.13954232439877
19,scramble_2,0.946727075408614,0.5708859388531401,0.3032296898808414,3.106615393047806,0.23205625774201677,0.05701581837913684,0.700710412944104,0.7877193470944828,0.0687696304660009,0.0263937822698223,0.963481709656556,0.11673700711443386,1.475551472764544,0.0288732446860989,0.04689370005371452,0.011032809708078,28.40591267553139,2.4252544862589476,0.1013775692533681,0.6843070716814837,0.1792424498207689,9.67414809861548,0.04878890192166449,0.02976644048101904,0.01059004856231432,0.4337846814947985,0.02299135086546155,0.01192416386218388,0.00616796202712035,0.01643817896802341,0.05528298784297819,0.7117690056235817,0.3482736152066913,15.269088957828618,0.1970162787893404,23.30003396073359,2.0693116648213716,11.189803755631804,0.02466923911732786,0.08461203863060851,0.24670973329094636,0.06039323416243709,0.4217762625653617,10.867199543974657,1.02745371233132,0.1289997259463074,1.5579458689146377,14.390899159203272,3.3061080648520655,0.0396864387270754,0.08487247733575963,0.12101483178584348,0.01045699001348344,52.28806167304298,85.30349326376025
20,scramble_2,1.191154790043138,0.5383764636134578,0.23087140483489735,3.440658382282964,0.2058080706434829,0.04754777561957361,0.604521448128993,0.753769815824577,0.07960908941985913,0.02337865562082173,0.9455014392361516,0.09834139149563548,1.142978072125623,0.02403009524701036,0.02941951588620283,0.00838789949529225,23.751061212390695,2.043618309892116,0.09786348708587832,0.4718684639566903,0.1562305118064169,8.290676526799436,0.05900437621398984,0.0199259709968563,0.00675859056266722,0.3888550700896305,0.0259421497273642,0.01473127237836699,0.00461784964857675,0.01083617670231604,0.04187047654708135,0.589453371088905,0.2953807462185923,18.77431059418221,0.16286088944014104,19.750738433455805,2.756109241534249,12.667982448339613,0.01629003143697394,0.07734111846980724,0.2112737200939209,0.05838438916321484,0.33353162809201753,9.015283471016357,0.8747038761866873,0.12274826238562168,1.203252892123595,13.47325443666971,3.708180555880586,0.0437580679132246,0.01558431427613052,0.11443429828461772,0.00657544483708158,45.346956900922834,84.68298404749089
21,scramble_2,0.5837880633373935,0.399327161997564,0.18616297198538367,1.7256769792935445,0.13509926918392204,0.03245140073081608,0.435480024360536,0.815595736906212,0.07800889159561511,0.03564482338611449,1.056234591961023,0.03132606577344701,0.28460073081607795,0.00436686967113276,0.0296177831912302,0.00669890377588306,16.72171181485993,1.4741551766138854,0.07423836784409257,0.3966684531059683,0.14647990255785626,6.9031264311814855,0.02603130328867235,0.02633325213154689,0.01018038976857491,0.3879248477466504,0.02939634591961023,0.01847247259439707,0.00672618757612667,0.01490243605359317,0.05387978075517662,0.6074693057247259,0.6049758830694276,9.294674786845311,0.12876272838002437,31.17398879415347,0.6154080389768576,6.049405359317905,0.04356358099878197,0.07536455542021923,0.3631192448233861,0.1053246041412911,0.23299183922046285,5.825268940316686,0.48305992691839217,0.0910623629719854,1.1949127892813642,16.11183897685749,1.9650339829476249,0.06718063337393422,0.02817235079171742,0.21550682095006088,0.0071225334957369,32.75398282582217,75.57266991473813
22,scramble_2,0.06469261560010706,0.1024570709515052,0.10449194030530612,0.3846491370916773,0.03466053625012099,0.0099683647730702,0.09620164325530813,0.33534586367699726,0.0309126842683642,0.01609322029072979,0.39169254157959765,0.01017952820466101,0.12135408564742324,2.506220569730167e-4,0.00929772757036218,0.00272726858626521,4.520871483314069,0.29319663833009735,0.01786574957153513,0.13322690702454634,0.04853020321476766,1.5399386199160725,0.02562785904217461,0.00825801272013984,0.00454531478645083,0.12386166136186352,0.01468012321567868,0.00432889020480905,0.00323823785636604,0.00672351062194309,0.02354930620007174,0.1976107887739357,0.36985326857487744,1.04340140183457,0.1148094541272128,15.398204194115936,0.14126052372357328,0.6786844505685344,0.01978160533403178,0.01911495385105935,0.15220244039925523,0.04886149623918873,0.13561387485978807,3.69334742380158,0.20896251715282957,0.01142052190152994,0.6354314997124588,6.561796659966862,0.24740231285622372,0.02305475809528148,0.02213238283407449,0.07107710090134205,0.00129854748985064,8.693553200817643,29.79813195009879
23,scramble_2,0.26315335896602365,0.27964297324261006,0.13323312670246276,1.319672275218868,0.09701805871604884,0.01954670492887489,0.2897109708661682,0.35331367911309397,0.03243898037193557,0.00918335593942315,0.4082025019897096,0.05453705343631248,0.6713991749711352,0.03412453900391216,0.0137616944478696,0.0045395756033584,14.626635003194746,1.028638736001973,0.05187936194778553,0.231252586622426,0.07324635406741473,4.007283939961215,0.03933391249761795,0.01322615431178468,0.00460132946227398,0.1795594278604177,0.0107253976616709,0.0079548700243249,0.00201692654328599,0.00452301897790581,0.02121500072862603,0.2951005840217915,0.27965717584548644,14.204983185553028,0.15373603560178906,11.958261352554114,0.12730836574785054,10.11457682520822,0.01643625643152596,0.05201997556300374,0.108459550045399,0.03752202132071877,0.2303182750619332,6.752838693405374,0.5784359986100058,0.08655270208162855,0.7610620901478551,7.976590119830959,2.4238768622000024,0.02334586196459998,0.03802790077234359,0.0549282919884765,0.0050390207266083,24.59050377204094,60.41879721776951
24,siPla2g15,0.11452144641809872,0.26258528355546984,0.22294622930274033,1.0755143203746995,0.07840024744322062,0.02350350678460389,0.2588806086460517,0.8205228443116177,0.07602085592859496,0.03343970178271593,0.9856866951065693,0.04229681939055056,0.38796341375238,0.00690242863914262,0.02630501393876583,0.01416275015465201,11.495417737179952,0.8421745760124686,0.06369604653217967,0.2432481582351192,0.13640577474633053,4.105465554778948,0.0412455231254971,0.01837929510817607,0.01143131442160147,0.2950642307970403,0.03450280783784435,0.01663515782539185,0.00500543893053111,0.00830734376129763,0.05904580109742675,0.48423131120805313,0.6389150418162975,1.8609837956825976,0.1835169394165803,27.317560932893077,0.35322306042274226,0.992296803322809,0.05502237433017602,0.06045150353892008,0.37589729499570185,0.09994299165280825,0.3369443333092317,8.160680902685723,0.594228595759723,0.02111388011857993,1.1006488154057503,15.994682204172792,0.34564229993653245,0.06046173869031839,0.03648707751881933,0.12535934700698145,0.00122934290970732,22.296874213684895,59.15017084829642
25,siPla2g15,0.25235210481721054,0.3447059868978487,0.15503239717015577,1.3250851915380215,0.1150983487982806,0.03262635447450178,0.33137557433852055,0.4128958923171245,0.04842391177058147,0.0132335861456116,0.6419511183671219,0.05610068403976111,0.6532651497929971,0.03011735449516763,0.01753165664372757,0.00718733596478538,15.094419310173802,1.1807714976544257,0.02159335110596761,0.2775015120516371,0.09685708184366972,5.04764648990473,0.04411774025777209,0.01940318391921029,0.00490622524402929,0.2599619472745184,0.01793834686946758,0.00994177740119999,0.0028629371689158,0.00667832220821536,0.03371401213774481,0.4699935798080831,0.3873041118160464,12.778746285312778,0.20974308210543724,15.490493734801989,0.24717112015816267,8.073064553238686,0.01494617922806147,0.06673992022980431,0.21256782877651256,0.05386171788354103,0.25453031336322995,6.917908078282254,0.5817417732680293,0.07463773447133303,0.8864207430063308,9.394976075829907,2.067504322607755,0.02323419234399002,0.02229659633387753,0.09541249733066055,0.00276765380561697,27.055534232986837,61.526981793382795
26,siPla2g15,0.3943265808424109,0.2820709732624434,0.19568624472411575,1.1662153041505223,0.10417671207853016,0.03053911605503264,0.3097401236407688,0.7251187278268646,0.07491859514859006,0.03775266077626405,0.9752671544355886,0.02089736662468393,0.16537621982290338,0.00390949034236763,0.01907540548595821,0.00558527463441366,10.92644806799281,0.9036332311005568,0.05897495457211257,0.43622509157685246,0.1347146167232312,5.0668052802107475,0.06364224937746969,0.02573049004432224,0.00838767053484727,0.3415525665554605,0.03637555643153128,0.01573985443847285,0.00699468325465575,0.01458861082000942,0.06520510330638106,0.6537361048350656,0.6190032208131833,6.470679639653499,0.12298264606628148,27.167222428397004,0.6330744248204517,3.716486563921124,0.02983124861793464,0.07556064262433781,0.2954165424810838,0.11984051686840816,0.1747000413417812,4.503451692609436,0.36662552999202014,0.04197873301862304,1.2381645979752145,12.480214938804552,1.3506254723058142,0.04159081251021527,0.05279555047062331,0.18011275730451587,0.00812789031929315,23.291125284825647,60.52096289815501
27,siPla2g15,0.3489861170929284,0.4429577831334134,0.24066447350334932,2.104620909582413,0.17015041190539462,0.03618085350096677,0.4840239537419703,0.5603212403896377,0.0565698681352919,0.02242614568346971,0.814287041703703,0.0883431598046313,1.1113111145729289,0.0277654842522932,0.02883761122362018,0.00666124790381848,22.62257558624355,1.7227603801075813,0.07758250478799932,0.5709697691680335,0.12840494103200858,7.176060516645744,0.0590381848671731,0.02243191877353908,0.00631255326362861,0.32816642993942835,0.0284749328763734,0.01271683451391498,0.0040660514813016,0.01216210470369386,0.04033683689646009,0.6238279252613926,0.30609039009594324,14.16182086926242,0.15097015404070485,18.844660056631263,0.22147395236742512,8.874261401852888,0.01433637871470855,0.07060463496659854,0.1597547444720372,0.0684465256077781,0.384227111530602,9.851437847645403,0.865055467482841,0.09326183254373344,1.1982202388043288,11.394435492591205,2.3644724403676447,0.02705488101019912,0.0216778249195891,0.1062674498520073,0.00564146361578711,40.00996774400469,71.78811188798373
28,siPla2g15,0.7774118605756638,0.5374676613536927,0.22765194361715543,3.0378133894704167,0.19526007702680415,0.04624206206769434,0.5683155770704592,0.8534195244516449,0.0665536810857481,0.027484580087504,0.98222425083187,0.07848629718376811,0.8874354730745726,0.01185710266683482,0.03732862506184457,0.00926791552274425,19.70311196049709,1.8629996022545376,0.1041436152152191,0.4847702874438549,0.156266625275269,8.394230963999185,0.03008476828901543,0.02521551013280817,0.00849240888233525,0.30950972536160887,0.02230294622675372,0.01371234272077298,0.00527195118402033,0.01163259960613498,0.04716289131847771,0.6568349744375783,0.4084244429138251,18.16765050785305,0.18134849293274224,23.164028055606757,2.6012601934401105,9.815941347095974,0.03417335881491255,0.09095660694017324,0.36155436986447553,0.08636006635558446,0.3621324007334038,9.76838554146739,0.8617888844694949,0.11950530165597928,1.3847355574742195,17.23513270146778,3.5424221146477044,0.04857917559977107,0.08282030636101706,0.1393359979045605,0.00596977134486471,40.19632597665913,88.94357749730796
29,siPla2g15,0.09558129231623903,0.18837026492135692,0.09100014582826986,0.4710170480191661,0.05003426269921184,0.01693698135481407,0.19074386306031044,0.5736119995833479,0.06390525328981635,0.02979184056109163,0.7520224853303705,0.00901024269990625,0.05697772993993264,0.01016559147251831,0.01229507308774001,0.00483440158327835,6.195128183049201,0.5433534113398841,0.03903113086351169,0.22090601020797893,0.08300146522690185,3.031314259921531,0.03735857782715878,0.01653731467657373,0.00729539946529634,0.21384607478906983,0.02950310058678518,0.00989104544981077,0.00617223013089823,0.00941642304086663,0.04826206034512691,0.3958918648658033,0.39044780389569805,3.166006402555467,0.06037183431130864,18.440676337627167,0.29334037012603736,1.710599826394917,0.02888663588069859,0.06695568903857506,0.3947807506683796,0.10874579354883512,0.08842812402347143,2.210457136904969,0.23748775389743412,0.01421456199437519,0.7628012360681922,9.604863011700983,0.6455315857088296,0.03959898614631436,0.02680002777681331,0.15953272455817508,0.00287087253914794,13.51106707405993,38.5596002083261
