Exp_ID,Experiment,ID,Condition,Temp,Sex,Genotype,Age,Batch,BMP 16:0_16:0,BMP 16:0_16:1,BMP 16:0_18:0,BMP 16:0_18:1,BMP 16:0_18:2,BMP 16:0_18:3,BMP 16:0_20:4,BMP 16:0_22:6,BMP 16:1_16:1,BMP 16:1_20:4,BMP 16:1_20:5,BMP 16:1_22:6,BMP 18:0_18:1,BMP 18:0_18:2,BMP 18:0_20:4,BMP 18:0_20:5,BMP 18:1_18:1,BMP 18:1_18:2,BMP 18:1_18:3,BMP 18:1_20:4,BMP 18:1_20:5,BMP 18:1_22:6,BMP 18:2_18:2,BMP 18:2_18:3,BMP 18:2_20:4,BMP 18:2_20:5,BMP 18:2_22:5,BMP 18:2_22:6,BMP 18:3_22:5,BMP 18:3_22:6,BMP 20:4_20:4,BMP 20:4_20:5,BMP 20:5_22:5,BMP 20:5_22:6,BMP 22:5_22:6,BMP 22:6_22:6,PG 16:0_16:0,PG 16:0_16:1,PG 16:0_18:0,PG 16:0_18:1,PG 16:0_18:2,PG 16:0_18:3,PG 16:0_20:4,PG 16:0_22:6,PG 16:1_16:1,PG 16:1_20:4,PG 16:1_22:6,PG 18:0_18:0,PG 18:0_18:1,PG 18:0_18:2,PG 18:0_18:3,PG 18:0_20:4,PG 18:1_18:1,PG 18:1_18:2,PG 18:1_18:3,PG 18:1_20:4,PG 18:1_20:5,PG 18:1_22:6,PG 18:2_18:2,PG 18:2_18:3,PG 18:2_20:4,PG 18:2_20:5,PG 18:2_22:5,PG 18:2_22:6,PG 18:3_18:3,PG 18:3_22:6,PG 20:4_20:4,PG 20:4_20:5,PG 20:5_20:5,PG 20:5_22:6,PG 22:5_22:5,PG 22:5_22:6,PG 22:6_22:6,Total_BMP,Total_PG
1,45,45,Con_RT,RT,Male,Con,Young,3,0.05146593071945185,0.006539017891130567,0.08455900266463647,0.9161305671869052,0.1627223068138561,0.0037982489531785306,0.0560081842405786,0.25034240578606776,0.013082603730491055,0.049927674153026264,0.023166920441568324,0.9515133231823372,0.16079177769318614,0.021532165968785686,0.09666920441568329,0.026797868290826036,2.7828328892272554,4.979165778454511,0.11430890749904835,1.8532354396650175,0.5105555767034641,13.117553673391702,0.2215877426722497,0.11448191853825658,0.8097350590026645,0.3307502854967644,0.4383403121431291,16.521143890369242,0.010741530262657024,0.6138368861819565,0.5537072706509326,0.24794880091358967,0.09242158355538638,1.603614198705748,1.9979817282070804,0.10041377997716026,0.04242367719832509,2.5452253521126758,0.19319566044918157,10.27690768937952,56.57300818424057,0.14771602588504,3.3430483441187664,0.3746214312904454,0.08150761324704986,0.022819756376094402,0.018533307955843167,0.11857480015226494,2.037400266463647,7.8026716787209756,0.041084126379901026,0.1492462885420632,0.14318405024743053,1.694051579748763,0.02138998858012943,0.3639050247430529,0.009605824133993147,0.08442310620479633,0.06799333840883136,0.0058772363913208985,0.06580643319375715,0.006678911305671869,0.7642160258850399,0.044693947468595355,0.033930148458317475,0.1611395127521888,0.005550057099352874,0.019654168252759802,0.03551808146174343,0.04020708031975637,0.08795755614769699,0.012547011800532928,0.528707460982109,49.88940445374953,87.9650207460982
2,45,46,Con_RT,RT,Male,Con,Young,3,0.06910000000000001,0.00913030303030303,0.08455939393939392,0.8172981818181817,0.1482309090909091,0.0028903030303030304,0.044175151515151515,0.2645569696969697,0.018633333333333335,0.05117030303030303,0.027783030303030302,1.1106987878787877,0.1552181818181818,0.019587272727272727,0.07698484848484849,0.026343636363636364,2.582779393939394,4.7810806060606055,0.11087333333333332,1.5583606060606061,0.5416072727272727,13.219838181818181,0.2974442424242424,0.11520242424242426,0.7840448484848485,0.40773757575757574,0.5478078787878787,17.51346909090909,0.01665090909090909,0.5499181818181819,0.4155575757575757,0.20970787878787875,0.11157030303030302,1.8069824242424244,1.224321818181818,0.11012060606060604,0.03573757575757576,3.1649939393939395,0.28746969696969693,10.538087878787879,56.53073454545455,0.17395757575757573,4.774778181818181,0.3452090909090909,0.07480121212121212,0.02712484848484848,0.01232242424242424,0.14325454545454544,1.786911515151515,10.307274545454545,0.07574848484848484,0.19075939393939392,0.09784666666666665,1.3013454545454546,0.017734545454545454,0.42353151515151516,0.007055151515151515,0.08136909090909092,0.06124424242424242,0.009373939393939393,0.05463090909090908,0.00613030303030303,0.5650666666666667,0.046006060606060606,0.022754545454545454,0.12922545454545453,0.0056078787878787876,0.013819393939393937,0.02295939393939394,0.0406369696969697,0.09259999999999999,0.017124848484848486,0.5870272727272727,49.831435757575754,92.07225575757576
3,45,47,Con_RT,RT,Male,Con,Young,3,0.06886456252497003,0.005209548541749899,0.10543088294047143,0.8954065121853775,0.14850239712345184,0.0030149820215741104,0.05300339592489013,0.2605385537355174,0.00851578106272473,0.04570235717139432,0.029605673192169394,0.6582920495405512,0.17832441070715138,0.020264083100279665,0.0896326408310028,0.029671594087095483,2.7474618457850575,4.968892329204954,0.10565681182580902,1.7633845385537352,0.5710649220934878,11.72304594486616,0.33879684378745506,0.10171474230922892,0.8471805833000398,0.41245805033959254,0.45973471833799434,13.561606072712744,0.008759688373951259,0.4823605673192169,0.43675829005193756,0.3180305633240112,0.15264163004394726,1.4514870155813024,1.0153567718737515,0.0934362764682381,0.044977227327207346,3.440303635637235,0.3825533359968038,12.87440531362365,65.19680363563724,0.18694866160607268,6.725611066719935,0.41716779864163006,0.06586815821014781,0.022372353176188575,0.009448861366360367,0.10939272872552937,1.645529964043148,10.885580902916498,0.1048783459848182,0.2232171394326808,0.110763883339992,1.4286915701158611,0.023198761486216538,0.5320661206552136,0.006198961246504194,0.06681322413104274,0.06933979224930083,0.012596883739512583,0.07263523771474231,0.004128445864962045,0.53630663204155,0.058229125049940066,0.025338194166999603,0.13992908509788252,0.005467838593687574,0.018262485017978426,0.023614063124250895,0.04288633639632441,0.09152696763883339,0.008479824210946863,0.48213224131042753,44.159807630842984,106.09366480223731
4,45,48,Con_RT,RT,Male,Con,Young,3,0.06920683661645423,0.008886442641946697,0.08040208574739281,0.8979606025492468,0.15910312862108922,0.0030996523754345307,0.057003476245654695,0.2626610660486674,0.01722595596755504,0.06035631517960602,0.029532444959443797,0.9683858632676708,0.14726651216685976,0.019823870220162226,0.10209675550405563,0.025969872537659325,3.2127433371958287,5.056985515643105,0.12295422943221321,2.118709733487833,0.5208006952491309,12.71677172653534,0.22174333719582848,0.09805330243337194,0.9429241019698725,0.3224895712630359,0.42734356894553877,13.213945538818075,0.010815758980301274,0.5519571263035921,0.7498777520278098,0.3397068366164542,0.10874565469293163,1.1932694090382387,1.6354235225955964,0.088648899188876,0.05858980301274624,4.707278099652375,0.1758342989571263,11.415513325608343,66.71430533024333,0.18441483198146,5.800861529548087,0.41689513325608346,0.11473580533024333,0.0302305909617613,0.009663383545770567,0.1570028968713789,1.7638673232908455,7.813016801853997,0.0706460023174971,0.1652363847045191,0.15734878331402086,1.9945596755504056,0.019786790266512165,0.6316164542294321,0.006973928157589802,0.09602375434530706,0.10078794901506373,0.005163962920046349,0.07840787949015064,0.0028528389339513324,1.062528968713789,0.01507531865585168,0.04451680185399768,0.26831286210892236,0.0030857473928157584,0.023214368482039397,0.03872421784472769,0.04758169177288528,0.09395828505214367,0.015453070683661642,0.6637595596755503,46.56289049826187,104.96782444959443
5,45,49,Con_RT,RT,Male,Con,Young,3,0.08167570621468925,0.007527683615819209,0.11415819209039547,0.7980248587570622,0.14808587570621468,0.005306214689265537,0.04655988700564972,0.25016158192090393,0.007527118644067796,0.03187683615819208,0.019631638418079096,0.4447960451977401,0.1472949152542373,0.02213898305084746,0.06668700564971751,0.020425423728813556,2.1377293785310734,4.893201694915254,0.10356553672316383,1.396176836158192,0.40507627118644063,10.646445762711865,0.27874011299435025,0.07718587570621468,0.6976079096045198,0.31729039548022603,0.38964124293785307,10.6920802259887,0.00807683615819209,0.37983954802259884,0.41093954802259886,0.2381322033898305,0.10565084745762711,1.0132463276836159,0.7160734463276835,0.07376440677966102,0.16727231638418077,3.4264519774011295,0.5709197740112995,13.20680395480226,54.94645423728813,0.16008870056497174,7.429870056497174,0.5673853107344632,0.06401468926553672,0.020725423728813558,0.0059954802259887,0.1399960451977401,2.0015090395480226,9.254416949152542,0.3915468926553672,0.25869887005649717,0.1822830508474576,1.5215107344632766,0.027969491525423728,0.6346700564971751,0.006641242937853106,0.08631355932203388,0.07633446327683614,0.00895593220338983,0.06784067796610169,0.0030802259887005652,0.5035661016949152,0.05473050847457627,0.023375706214689266,0.12160564971751411,0.004640112994350283,0.017180225988700566,0.010062711864406779,0.03788757062146892,0.08222203389830508,0.011705649717514123,0.3982779661016949,37.192342372881356,96.4930033898305
6,45,50,Con_Cold,Cold,Male,Con,Young,3,0.06994148936170212,0.014283096926713949,0.08446985815602837,0.8437878250591017,0.19754905437352246,0.006219267139479905,0.05469621749408984,0.31198463356973993,0.0361371158392435,0.07188829787234043,0.04502718676122931,1.1602417257683215,0.15793617021276596,0.023048463356973997,0.08446631205673759,0.02549822695035461,3.126784869976359,5.895310874704491,0.15121040189125295,1.7988043735224588,0.51525,11.87218498817967,0.2396276595744681,0.16856678486997637,0.8802842789598108,0.45529609929078013,0.4562955082742317,13.903482269503547,0.021323286052009453,0.5951081560283689,0.5118593380614658,0.3002104018912529,0.12402718676122931,1.0585845153664304,0.9085360520094562,0.07882033096926713,0.04185224586288416,2.7009030732860517,0.2240254137115839,9.465047872340426,50.64595449172577,0.12170271867612294,4.234309692671395,0.3368841607565012,0.07599527186761229,0.018934397163120568,0.00918676122931442,0.11670449172576833,1.8454893617021275,10.046355200945627,0.10379491725768322,0.2457446808510638,0.12532269503546098,1.4677021276595743,0.015189125295508274,0.4841069739952718,0.0047966903073286046,0.06635106382978723,0.062363475177304964,0.008204491725768322,0.04799586288416076,0.005112293144208038,0.5413557919621749,0.06112706855791963,0.023990543735224586,0.11812234042553192,0.004695035460992907,0.016641843971631206,0.02010520094562648,0.030190898345153663,0.07088416075650118,0.006943262411347519,0.40101536643026003,46.24874231678487,83.81510106382979
7,45,51,Con_Cold,Cold,Male,Con,Young,3,0.0707285827082511,0.01549506514015002,0.06540307935254638,0.9051952230556654,0.2620955388866956,0.008936044216344256,0.06430398736675878,0.4074457165416503,0.03563936044216344,0.07882964863797869,0.0745493485984998,1.355503158310304,0.17449328859060403,0.015355902092380578,0.10278582708251086,0.03504007106198184,2.9484622976707464,6.584106395578365,0.24249309119621001,2.134078365574418,0.7286328464271615,13.596320371101461,0.257505527043032,0.30321377812870115,1.296003553099092,0.8782035136202131,0.6248409001184366,19.28139439399921,0.01630517173312278,1.2869230161863405,0.6911423213580734,0.6658507698381366,0.24380122384524278,1.507499407816818,1.1339384129490722,0.1347998420844848,0.0347268061587051,2.7010677062771418,0.2243580734307146,8.508836754836162,59.8745821160679,0.15825977102250294,4.803036715357284,0.42409553888669566,0.07712001579155152,0.023512041058033954,0.014770825108566917,0.11292577970785632,2.011738649822345,11.849778523489933,0.06846999605211213,0.2389198578760363,0.10765179628898539,1.5505990919857875,0.024731346229767078,0.5775568495854718,0.010071851559415713,0.09646841689696013,0.09196841689696013,0.010433083300434269,0.04399684168969601,0.008475917883932097,0.8122615475720492,0.09124832214765101,0.01679253849190683,0.09430043426766681,0.006485590209238058,0.01663028030003948,0.02247039084090012,0.027030201342281877,0.05578365574417687,0.01423312277931307,0.48087347019344656,58.227315041452826,95.28626233714962
8,45,52,Con_Cold,Cold,Male,Con,Young,3,0.07261727202472952,0.015654945904173108,0.07422507727975271,0.8457855486862442,0.2806895285935085,0.007646058732612055,0.06390011591962906,0.379968315301391,0.035940301391035545,0.07526197836166924,0.07692484544049459,1.3667440108191653,0.1615954404945904,0.021506568778979905,0.1015386398763524,0.03519551777434313,3.3218421561051006,7.35120266615147,0.23688292117465223,2.0193013910355484,0.6935459814528594,14.021477782071099,0.30358655332302936,0.2967733771251932,1.2739688948995362,0.6295629829984544,0.6374750772797526,19.27296850850077,0.017284775888717158,1.2015457882534775,0.5918508500772798,0.5417556027820711,0.19100888717156103,1.3946278979907265,1.1000245363214838,0.09027414992272025,0.044697449768160744,2.5779093894899536,0.24914258114374033,8.556526275115921,48.499812403400306,0.1237210200927357,4.381614760432767,0.38696754250386395,0.05452105873261206,0.0241483771251932,0.009660741885625967,0.1318110510046368,2.0537880602782073,10.3701949381762,0.0906097372488408,0.21474053323029366,0.11367252704791346,1.370286514683153,0.013035741885625965,0.49999787480680064,0.0045776661514683155,0.06408442812982998,0.09286495363214839,0.00903825347758887,0.03909273570324575,0.005240146831530138,0.7302357032457496,0.05683945131375579,0.020670208655332305,0.08472449768160743,0.0037673879443585784,0.01273724884080371,0.020250579598145288,0.029259273570324575,0.0590396058732612,0.012405139103554869,0.5134497681607418,58.80215494590417,81.525135625966
9,45,53,Con_Cold,Cold,Male,Con,Young,3,0.07858158415841583,0.012573267326732671,0.07043524752475247,1.073069702970297,0.28875742574257424,0.006445544554455444,0.06008376237623762,0.43949940594059406,0.01475346534653465,0.05173247524752475,0.05760950495049505,0.7727845544554455,0.19053504950495048,0.02441821782178218,0.09621980198019801,0.02802475247524753,2.692113861386139,6.608787326732673,0.1851439603960396,2.0241053465346535,0.5736623762376237,12.627593465346534,0.3517354455445544,0.22824772277227723,1.2156326732673266,0.4739893069306931,0.4703073267326733,16.64690910891089,0.005258019801980198,1.5280146534653465,0.6664609900990099,0.7782118811881187,0.22704356435643563,1.0331346534653465,1.009220792079208,0.09572435643564357,0.03242138613861386,2.1203239603960395,0.2722009900990099,8.234189108910892,69.02886059405941,0.13675960396039605,6.8975281188118815,0.5231079207920792,0.058727524752475245,0.03629346534653465,0.008658415841584157,0.1282289108910891,2.416846930693069,14.375868712871286,0.11831940594059406,0.3266691089108911,0.11143128712871286,1.8172122772277228,0.019135247524752475,0.8014051485148515,0.008837821782178217,0.1047427722772277,0.13180574257425742,0.007593861386138614,0.08234792079207921,0.006045148514851485,0.7423188118811881,0.1192770297029703,0.02381108910891089,0.08768316831683168,0.010857623762376237,0.017677425742574256,0.014710693069306932,0.04129544554455445,0.06539940594059405,0.015568514851485148,0.42466277227722765,52.7068205940594,109.36882336633664
10,45,54,Con_Cold,Cold,Male,Con,Young,3,0.07226136820925552,0.01981388329979879,0.06459718309859154,0.8070905432595573,0.3213217303822937,0.009216700201207243,0.07025553319919517,0.43115492957746476,0.05034205231388329,0.10985492957746477,0.07628933601609657,1.372187927565392,0.16770120724346074,0.018336820925553318,0.12080583501006036,0.037807243460764584,3.536920321931589,8.300236418511066,0.309041046277666,2.5802981891348082,0.8048595573440643,15.129180482897382,0.24597766599597584,0.34257706237424546,1.6537321931589535,0.6452788732394366,0.712629778672032,18.482125955734404,0.015807645875251505,1.1054788732394365,0.7937173038229376,0.558743661971831,0.1703891348088531,1.2972621730382292,1.0706142857142857,0.07990442655935613,0.045279476861167,3.069941649899396,0.1859752515090543,8.40669416498994,49.22035593561368,0.16511408450704224,4.380085110663983,0.5254605633802816,0.07961287726358147,0.03399356136820925,0.013227162977867203,0.14670543259557345,1.9545748490945674,11.519813480885311,0.06501368209255533,0.2103440643863179,0.11993239436619717,1.2275975855130785,0.021456338028169014,0.5104104627766599,0.005779678068410463,0.10164024144869215,0.09700985915492957,0.020130181086519112,0.055831388329979866,0.009918108651911468,0.9155794768611669,0.05986056338028169,0.01786599597585513,0.09815010060362174,0.008795372233400402,0.016446881287726357,0.047017907444668,0.03152595573440644,0.054980885311871223,0.010356338028169014,0.4500615694164989,61.58381227364184,83.90253863179075
11,45,55,TFEB_KD_RT,RT,Male,TFEB_KD,Young,3,0.06018397335423198,0.005134208463949843,0.09683934169278997,0.7729949059561129,0.11744670846394985,0.001320141065830721,0.04620199843260188,0.20077253134796239,0.00741594827586207,0.03987754702194358,0.020280564263322885,0.6254118338557993,0.15493436520376175,0.01586108934169279,0.08366026645768025,0.025035070532915357,2.7846253918495303,4.58539184952978,0.08334992163009404,1.6865860109717867,0.46889518025078364,12.259427703761753,0.36126371473354235,0.07142985893416928,0.7075591692789969,0.3275766065830721,0.3073706896551724,12.887327586206895,0.006774098746081505,0.3630769984326019,0.4955166536050156,0.21042025862068967,0.08379251567398119,1.4265493730407521,0.9645581896551724,0.09123197492163009,0.0522296238244514,2.95545552507837,0.24713381661442005,12.627409678683385,60.34980035266457,0.19043416927899684,4.52917711598746,0.4598469827586207,0.11576802507836992,0.01794298589341693,0.007421826018808777,0.17735619122257051,1.5051195141065832,8.570354623824452,0.06589420062695925,0.1919806034482759,0.14558934169278998,1.156051528213166,0.02695297805642633,0.3799202586206897,0.0066130485893416925,0.10054290752351096,0.04401312695924765,0.01886050156739812,0.05974843260188088,0.0030658307210031347,0.482499804075235,0.011028996865203762,0.01911383228840125,0.15262029780564262,0.003603056426332288,0.018611285266457677,0.04066046238244514,0.05444847178683386,0.07789655172413792,0.0158810736677116,0.4249108542319749,42.446094239811906,95.30595787617554
12,45,56,TFEB_KD_RT,RT,Male,TFEB_KD,Young,3,0.048861726508785334,0.006101413292589763,0.07359568372803667,0.9137589763177999,0.1707255538579068,0.0038239113827349116,0.06532161955691368,0.23816596638655463,0.01530252100840336,0.05232238349885408,0.02767551566080978,0.9337190603514133,0.1551273873185638,0.020747326203208558,0.10170607333842628,0.02927005347593583,3.261447478991597,5.512377387318564,0.12568716577540107,2.1904749809014517,0.6047521008403361,12.603313407181055,0.26363674560733386,0.12724560733384263,0.9554644766997709,0.3600114591291062,0.4075215813598166,15.725947860962567,0.010699961802902978,0.6803199006875478,0.6707177234530176,0.31407295645530936,0.099774064171123,1.4434337280366691,1.8196323529411764,0.0902566844919786,0.06065087853323147,2.266298319327731,0.17168983957219253,10.655097020626432,73.28610103132162,0.21097173414820472,2.9844705882352938,0.4137782658517953,0.13150783040488923,0.02366653934300993,0.008792016806722688,0.12918850267379678,1.494076203208556,6.43314075630252,0.03712757830404889,0.13563197097020627,0.16639457601222307,1.671637127578304,0.03002062643239114,0.32150076394194044,0.008208174178762413,0.06216291061879298,0.06814915966386555,0.013124713521772345,0.05481187929717341,0.0025788770053475933,0.9942868601986249,0.01930003819709702,0.04131875477463713,0.218512987012987,0.006481283422459893,0.02175286478227655,0.04357505729564553,0.035773109243697476,0.07331321619556914,0.015401642475171886,0.6650437356760885,50.1230127960275,102.97553743315508
13,45,57,TFEB_KD_RT,RT,Male,TFEB_KD,Young,3,0.061660735468564654,0.00626809015421115,0.10132740213523132,0.9590954922894425,0.15399110320284698,0.0027947805456702253,0.048672597864768685,0.22335646500593118,0.011916963226571767,0.037032028469750886,0.022743772241992883,0.6579970344009489,0.1672876631079478,0.022830960854092527,0.09237366548042704,0.023802491103202848,3.436508303677343,5.8441435349940685,0.1266761565836299,1.852797153024911,0.502570581257414,12.899185646500595,0.36559430604982207,0.10183570581257413,0.7711850533807829,0.37176631079478056,0.4050231316725979,13.842947212336894,0.008221826809015422,0.47977935943060496,0.38950177935943064,0.217982206405694,0.092644128113879,1.2846239620403321,0.8926186239620403,0.08622597864768683,0.04998279952550414,2.055637010676157,0.28687485172004745,11.700023131672598,68.22223962040331,0.19771589561091338,3.8606690391459075,0.3575249110320285,0.1195717674970344,0.02080427046263345,0.005716488730723606,0.12401838671411626,1.4389988137603795,7.913550415183868,0.06788730723606168,0.17934460260972715,0.12708125741399762,1.3288048635824437,0.028617437722419932,0.3586174377224199,0.0077372479240806645,0.08781909845788849,0.06657769869513641,0.011886714116251484,0.061760972716488734,0.0037449584816132858,0.46914709371293,0.020755041518386714,0.023101423487544483,0.16735824436536179,0.005598457888493475,0.015094899169632265,0.025244365361803082,0.039898576512455514,0.06111862396204033,0.012392052194543299,0.3392657176749704,46.564982206405695,99.86218149466191
14,45,58,TFEB_KD_RT,RT,Male,TFEB_KD,Young,3,0.05343174061433447,0.007918657565415243,0.09185267349260523,0.8029755403868031,0.14927758816837314,0.00395108077360637,0.05111376564277587,0.24037599544937427,0.020422639362912397,0.047054607508532416,0.053939135381114896,0.939877133105802,0.13203242320819114,0.01994823663253697,0.08793572241183162,0.03654721274175198,3.418022753128555,5.848465870307167,0.16771331058020478,1.8383976109215014,0.7169260523321956,14.21728725824801,0.34703583617747435,0.13615415244596132,0.8374397042093288,0.5065984072810011,0.5313475540386803,15.153068828213879,0.0172707622298066,0.6361734926052331,0.4774027303754266,0.36644311717861205,0.1975767918088737,1.7865949943117176,0.9124601820250284,0.09412002275312854,0.09727417519908986,2.823443686006826,0.26898179749715584,12.855130261660976,59.103006257110344,0.23775312855517633,2.9971660978384524,0.503645620022753,0.16173549488054606,0.02191183162684869,0.017821956769055746,0.1694414106939704,1.241300910125142,5.235262798634812,0.06093230944254834,0.14975483503981796,0.15750341296928327,1.2565830489192262,0.037026166097838445,0.2848350398179749,0.006871444823663253,0.06948464163822526,0.051716154721274166,0.020939704209328783,0.045880546075085314,0.006209897610921501,0.6441524459613197,0.027744027303754266,0.020893629124004547,0.12340955631399317,0.0036478953356086454,0.018292377701934016,0.0357485779294653,0.04906257110352673,0.06312229806598406,0.010023890784982935,0.5300608646188851,50.945153583617746,89.4077707622298
15,45,59,TFEB_KD_RT,RT,Male,TFEB_KD,Young,3,0.06400922213311948,0.008172413793103447,0.09947093023255812,1.2010765838011226,0.18213632718524458,0.003702485966319166,0.06036267040898156,0.2591890537289494,0.019394747393744985,0.05202125100240577,0.031033881315156376,0.9817542101042502,0.17367161186848434,0.020052125100240577,0.09831014434643144,0.029552526062550117,3.7985918203688853,6.488984362469928,0.13969426623897352,1.9987686447473936,0.7061872493985565,16.32904751403368,0.3474454691259021,0.11816259021651963,0.8828564554931837,0.49215336808340016,0.5521166800320769,16.94806214915798,0.015151563753007215,0.5094593023255815,0.4787592221331194,0.22173837209302324,0.10998957497995188,1.8513253809141936,1.1448476343223737,0.10545589414595027,0.05137530072173215,2.2092455894145946,0.28867361668003205,12.04827485966319,78.3728576583801,0.17335344827586205,3.2563893344025656,0.3529432638331996,0.0870962309542903,0.01366479550922213,0.013589615076182837,0.11686527666399359,1.291413993584603,6.295582999198074,0.05978468323977546,0.17768925421010423,0.12880994386527664,1.5317387730553325,0.02695429029671211,0.29700360866078584,0.003076984763432237,0.0800112269446672,0.05495268644747393,0.012136527666399357,0.04150020048115477,0.003711507618283881,0.5484743384121892,0.009614073777064955,0.026139334402566154,0.1527155172413793,0.001908981555733761,0.0172626303127506,0.024079390537289493,0.04512690457097032,0.06947153167602245,0.01556956696070569,0.4573478348035284,56.52270769847634,108.35640577385723
16,45,60,TFEB_KD_RT,RT,Male,TFEB_KD,Young,3,0.058734131736526946,0.0048814371257485025,0.08838083832335329,0.8686682634730538,0.15401616766467066,0.001722754491017964,0.05508502994011975,0.23845269461077842,0.007042514970059879,0.040377844311377246,0.026667065868263472,0.538880239520958,0.17138023952095807,0.01426646706586826,0.11223233532934129,0.02604431137724551,3.3652526946107786,6.645313173652694,0.11451676646706588,2.2303592814371256,0.5669694610778443,13.298654491017965,0.47212814371257483,0.0979443113772455,1.0515161676646705,0.4584946107784431,0.4182353293413173,14.919408383233533,0.005473053892215569,0.6220011976047904,0.5403317365269461,0.3164940119760479,0.11278682634730539,1.3651215568862274,1.118491017964072,0.10051976047904192,0.041840718562874246,1.5193682634730539,0.2811227544910179,10.453983832335329,60.76321317365269,0.1730694610778443,3.5634682634730535,0.41604970059880236,0.10590898203592815,0.018102994011976046,0.010286826347305388,0.13241137724550897,1.2609850299401195,7.716890419161677,0.07122395209580837,0.17305149700598801,0.11202814371257484,1.1458479041916168,0.020414970059880237,0.32194071856287426,0.0041065868263473046,0.04740059880239521,0.07461377245508981,0.012302994011976048,0.07340359281437125,0.003439520958083832,0.7323844311377244,0.025573053892215567,0.017823952095808383,0.12525928143712572,0.005803592814371257,0.015652095808383233,0.028315568862275448,0.05325089820359281,0.0628946107784431,0.011804790419161675,0.40550598802395205,50.22684431137724,90.00074431137723
17,45,61,TFEB_KD_Cold,Cold,Male,TFEB_KD,Young,3,0.07336789099526066,0.014475118483412323,0.09962381516587678,1.069852488151659,0.27014218009478674,0.0045550947867298575,0.050674763033175356,0.29978909952606636,0.036718009478672986,0.06276777251184834,0.0480154028436019,0.9382926540284361,0.18051066350710898,0.026706753554502364,0.07853258293838862,0.022103080568720377,3.4793447867298575,7.111550947867298,0.19167298578199052,1.6796149289099527,0.485896327014218,12.118692535545023,0.22451540284360189,0.20250533175355448,0.9164342417061611,0.4938376777251185,0.4416759478672986,15.2778827014218,0.01015995260663507,0.8159395734597157,0.46744253554502374,0.3173471563981042,0.11578436018957346,0.8410669431279622,0.7261581753554502,0.06814691943127961,0.06320260663507109,2.136729265402843,0.22827843601895734,11.234478080568719,59.88157168246445,0.11933945497630333,3.7917991706161134,0.327803317535545,0.07322748815165876,0.021092417061611374,0.008820497630331752,0.12255035545023696,1.75696327014218,9.366289691943127,0.08687144549763033,0.2699715639810426,0.15724348341232225,1.6379733412322273,0.01256101895734597,0.42605331753554504,0.0075882701421800935,0.06921741706161137,0.09336374407582938,0.00927547393364929,0.043177132701421796,0.00578021327014218,0.5736629146919431,0.024723933649289098,0.018791469194312797,0.08510841232227488,0.0030770142180094784,0.018298578199052132,0.020877369668246444,0.028257109004739333,0.029485781990521324,0.009860189573459716,0.2930402843601896,49.26179680094786,93.05640521327012
18,45,62,TFEB_KD_Cold,Cold,Male,TFEB_KD,Young,3,0.05731441841680128,0.013659329563812602,0.07282390953150242,0.9084741518578351,0.24501070274636508,0.0067094103392568655,0.05387641357027463,0.2794058966074313,0.028817447495961226,0.06672092084006462,0.06240811793214863,1.0217374798061387,0.16872455573505654,0.024334410339256863,0.08463368336025848,0.027304725363489497,3.0556799273020996,6.628306138933763,0.18971183360258478,1.7790072697899837,0.5578297657512116,11.466120557350564,0.36158966074313403,0.23340205977382872,1.0791972940226169,0.666325323101777,0.4854596122778675,16.889320880452342,0.011806744749596122,1.109563812600969,0.5806732633279483,0.49636732633279484,0.1604848546042003,1.0739151857835216,0.8720452342487883,0.09595577544426494,0.04086409531502423,1.8371425686591274,0.23140892568659122,9.176535339256866,59.77892629240709,0.12950827948303717,3.551977584814216,0.33417710016155083,0.055143780290791596,0.024299878836833603,0.014013126009693051,0.10917831179321486,2.2057021405492727,12.339478594507268,0.06777988691437802,0.23830189822294023,0.13127968497576736,1.744025646203554,0.017587439418416798,0.465839660743134,0.006519184168012924,0.061523021001615504,0.09935924878836831,0.011318457189014539,0.042187197092084,0.0025413974151857832,0.6001993134087237,0.04841013731825524,0.01447354604200323,0.07476373182552502,0.008383279483037156,0.017499596122778672,0.017841882067851374,0.03279705169628433,0.05770153473344102,0.01696950726978998,0.3602647415185783,50.91471809369951,93.96592306138932
19,45,63,TFEB_KD_Cold,Cold,Male,TFEB_KD,Young,3,0.06344446696392379,0.0217077421970004,0.07139136603161735,0.9312744223753546,0.39030279691933517,0.01281171463315768,0.05664430482367248,0.37608593433319815,0.04056019456830157,0.070530401297122,0.08928374543980543,1.2179507498986621,0.1573023915687069,0.025034860154033237,0.09652898256992298,0.03335508715038508,4.037677138224564,8.993700243210377,0.2948317794892582,1.8815800567490877,0.6586933522496959,13.925488042156465,0.3038676530198621,0.4238171868666396,1.231138224564248,0.6641364004864208,0.5833334008917713,19.94626246453182,0.008315362788812323,1.7790079043372513,0.5525052695581678,0.5786813944061613,0.18587535468179972,1.0099098094852046,0.892545601945683,0.08320166193757599,0.03765991082286178,1.6694124442642884,0.17893534657478716,9.24815788406972,62.240410214835826,0.12679833806242397,3.101427239562221,0.37806505877584107,0.07615038508309688,0.02801114714227807,0.009297324685853262,0.1160411430887718,2.1157472638832586,10.75499513579246,0.05317855695176327,0.25214167004458854,0.17403952168625858,1.9570062829347383,0.020911228212403727,0.4987545601945682,0.006231049858127279,0.07551925415484394,0.10258248885285771,0.007138832590190514,0.03538467774625051,0.007425212809079854,0.8040188488042155,0.0643565058775841,0.01600689096068099,0.08594264288609646,0.003812322659100121,0.012809282529387919,0.02577239562221321,0.026493514389947303,0.039228617754357514,0.008946493717065261,0.3098670449939197,61.688777462505065,94.66867673287392
20,45,64,TFEB_KD_Cold,Cold,Male,TFEB_KD,Young,3,0.07704449235593884,0.018879067032536258,0.08707291258330066,1.1887714621716974,0.3052943943551548,0.0078010584084672666,0.06688847510780087,0.3923737749901999,0.05536123088984712,0.08978537828302625,0.06957918463347706,1.458795570364563,0.1772175617404939,0.02292689141513132,0.11394825558604467,0.035751274010192076,4.302027636221089,8.363985299882398,0.2520752646021168,2.175031164249314,0.7075407683261465,15.018705017640137,0.30589533516268125,0.27798510388083103,1.2691781654253231,0.6127608780870246,0.5610052920423363,19.305980203841628,0.01686985495883967,1.1980901607212857,0.6398802430419442,0.4688867110936887,0.15206448451587612,1.2039413955311642,1.1494027832222655,0.09548961191689533,0.047745393963151694,2.4310325362602896,0.21860897687181496,10.228605840846726,70.51909545276362,0.15472461779694235,3.788502548020384,0.3911342610740886,0.08203194825558605,0.025025480203841627,0.015210505684045472,0.13510995687965502,1.7767261858094863,10.151126813014503,0.053333202665621325,0.2155907487259898,0.14571932575460603,1.9215429243433944,0.01823990591924735,0.439595256762054,0.006226381811054487,0.06917169737357898,0.07667581340650724,0.008636025088200704,0.04219874558996471,0.007816934535476282,0.8025282242257938,0.05034966679733437,0.02612093296746374,0.11811603292826339,0.006762642101136807,0.017195609564876518,0.031362406899255194,0.024532144257154057,0.04440611524892198,0.014406703253626028,0.37514700117600935,62.24428635829086,104.48035495883967
21,45,65,TFEB_KD_Cold,Cold,Male,TFEB_KD,Young,3,0.06496375650780938,0.015608530236283542,0.06920604725670805,0.8523352022426913,0.2803744493392071,0.009831397677212654,0.050858830596716066,0.36342110532639166,0.0370957148578294,0.08254985983179816,0.08553604325190227,1.1687607128554265,0.15411433720464557,0.020620344413295955,0.10156327593111734,0.03165198237885463,3.0986455746896273,7.7402402883460155,0.23474609531437726,2.111194433319984,0.6785694833800561,13.766267120544654,0.292358830596716,0.29269283139767716,1.3234187024429318,0.6139703644373248,0.5776231477773328,17.391254705646777,0.0060150180216259515,1.2925230276331596,0.6847977573087706,0.6513520224269124,0.21219022827392875,1.2032234681617942,0.972850620744894,0.08330917100520624,0.05010853023628354,2.3355648778534244,0.14827533039647578,8.531389066880257,58.78644112935523,0.1693642370845014,3.666522627152583,0.5218552262715258,0.1047332799359231,0.034760112134561476,0.013144373247897476,0.13771706047256707,2.1590935122146577,12.625402683219864,0.06314237084501402,0.24882879455346418,0.13521746095314377,1.712954945935122,0.020829995995194233,0.4550802963556268,0.011087505006007208,0.10985022026431719,0.08948398077693231,0.013123348017621146,0.04715658790548659,0.014402883460152184,0.7746031237484983,0.068336804164998,0.028883259911894273,0.1589651581898278,0.008691229475370446,0.01728754505406488,0.029470164197036446,0.03708850620744894,0.05023348017621145,0.011141569883860633,0.45767541049259114,56.61573448137766,93.84790668802563
22,45,66,TFEB_KD_Cold,Cold,Male,TFEB_KD,Young,3,0.08072841726618706,0.025699040767386088,0.06887050359712231,0.9699946043165467,0.33833453237410066,0.01333872901678657,0.05893764988009593,0.4084976019184652,0.06804676258992805,0.09317146282973622,0.1360959232613909,1.4471241007194244,0.16652757793764988,0.028507194244604316,0.10060791366906474,0.03613609112709832,3.578193045563549,8.616406474820144,0.29676378896882494,2.17203417266187,0.7086822541966427,14.132452637889687,0.28779976019184655,0.3400509592326139,1.3047625899280575,0.7038453237410072,0.5199892086330935,16.55082014388489,0.016278776978417266,1.7958273381294962,0.5987188249400479,0.8833842925659472,0.26684772182254196,1.0196360911270983,0.7929652278177458,0.08901019184652278,0.056758393285371696,2.5221450839328536,0.15282134292565946,8.655773381294964,58.54725779376499,0.1415785371702638,3.994618105515587,0.5975143884892086,0.11170743405275779,0.03078776978417266,0.014040767386091127,0.1481798561151079,2.005218824940048,11.015322541966427,0.06777877697841726,0.263576139088729,0.14325839328537168,1.77859412470024,0.02491906474820144,0.5187362110311751,0.010573141486810551,0.07774340527577937,0.11846762589928057,0.015303956834532374,0.04473321342925659,0.00964808153477218,0.6855347721822541,0.0708195443645084,0.02579676258992806,0.13514088729016785,0.005651079136690647,0.016853717026378896,0.033843525179856115,0.025648081534772185,0.041342925659472424,0.011065947242206236,0.3448423261390887,58.715086930455634,92.4635959232614
