Sample,BMP 20:5-22:6 Results,BMP 18:3-22:6 Results,BMP 22:5-22:6 Results,BMP 18:2-20:5 Results,BMP 20:5_20:5 Results,BMP 18:3-22:5 Results,BMP 22:6-22:6 Results,BMP 16:1-16:1 Results,BMP 18:2-18:3 Results,BMP 16:0-18:3 Results,BMP 18:2-22:6 Results,BMP 20:4-20:4 Results,PG 22:5-22:6 Results,PG 20:5-22:6 Results,BMP 18:2-22:5 Results,BMP 18:2-20:4 Results,BMP 18:1-20:5 Results,PG 18:3-22:5 Results,BMP 16:1-20:5 Results,BMP 16:1-22:6 Results,BMP 22:5-22:5 Results,PG 20:5-20:5 Results,BMP 18:2-18:2 Results,PG 18:2-18:2 Results,PG 18:2-18:3 Results,BMP 16:0-22:6 Results,BMP 16:1-20:4 Results,BMP 18:1-18:3 Results,BMP 18:1-22:6 Results,PG 16:1-16:1 Results,BMP 16:0-16:1 Results,BMP 16:0-20:4 Results,BMP 18:0-20:4 Results,PG 16:0-20:5 Results,BMP 18:1-20:4 Results,BMP 18:0-20:5 Results,BMP 18:3-18:3 Results,PG 16:0-22:6 Results,BMP 16:0-18:2 Results,BMP 18:1-18:2 Results,PG 18:2-20:5 Results,PG 16:1-20:5 Results,PG 20:4-20:5 Results,PG 18:3-18:3 Results,PG 20:4-20:4 Results,PG 16:0-18:3 Results,PG 18:1-18:2 Results,PG 16:0-18:2 Results,PG 18:3-22:6 Results,PG 18:2-22:6 Results,PG 16:1-22:6 Results,PG 18:1-18:3 Results,PG 16:1-20:4 Results,PG 22:5-22:5 Results,PG 16:0-20:4 Results,BMP 16:0-16:0 Results,PG 18:2-22:5 Results,PG 16:0-16:1 Results,PG 22:6-22:6 Results,BMP 18:0-18:3 Results,PG 18:0-18:3 Results,BMP 16:0-18:1 Results,PG 18:1-20:4 Results,PG 18:1-20:5 Results,PG 18:2-20:4 Results,BMP 16:0-18:0 Results,PG 18:0-20:5 Results,BMP 18:1-18:1 Results,BMP 18:0-18:2 Results,PG 18:1-22:6 Results,PG 16:0-18:0 Results,PG 16:0-18:1 Results,PC 15:0_18:1(d7) Results,BMP 18:0-18:0 Results,PG 16:0-16:0 Results,PG 18:0-20:4 Results,PG 18:1-18:1 Results,PG 18:0-18:2 Results,BMP 18:0-18:1 Results,PG 18:0-18:1 Results,PG 18:0-18:0 Results
D_LacZ_02,1.9274,0.3684,1.9608,0.1366,0.006,0.0299,1.8982,1.7842,0.0871,0.0043,18.3901,5.7719,35.4736,0.0061,3.3467,4.3476,3.5853,0.0404,0.0096,0.0124,0.0073,0.0476,3.3593,0.2183,0.0009,5.4215,0.1797,0.824,125.8422,0.9616,0.9484,0.7708,1.6173,0.6252,24.8345,0.0146,0.0004,0.0501,2.0213,47.0415,0.1636,0.4385,0.1826,0.0001,0.1165,0.0158,6.5026,4.3466,0.0062,0.0968,0.3335,0.0401,0.5003,0.1499,89.2545,0.8426,0.2404,19.0343,0.2749,0.4398,0.5046,1.1005,34.1815,0.177,0.0632,0.1426,0.4074,344.1782,2.5002,0.3698,16.4071,483.4944,,0.9586,16.4222,57.6939,146.0227,12.6619,12.6821,110.3051,4.3974
M_LacZ_06,1.313,0.1445,0.9552,0.0976,0.0024,0.0517,0.8012,0.7211,0.0576,0.0048,9.4144,2.6761,23.9946,0.0273,1.4086,1.0376,0.8531,0.0108,0.004,0.0038,0.014,0.0472,0.1276,0.089,0.0001,2.5554,0.0152,0.1665,64.4221,0.2329,0.2614,0.512,0.3607,0.2619,14.9288,0.013,0.0058,0.0249,0.093,12.6925,0.2236,0.41,0.1791,0.0069,0.0684,0.0217,0.2551,1.3829,0.0191,0.1738,0.3495,0.0213,0.0656,0.0328,17.8829,0.1391,0.0858,2.6081,0.0198,0.0337,0.0569,0.3748,8.2223,0.0431,0.038,0.021,0.1941,15.1668,0.1414,0.29,8.1642,256.4404,,0.5073,6.6727,30.0309,59.775,5.9231,3.409,50.5805,2.2925
D_M6PR_02,1.3337,0.0515,3.5516,0.0604,0.005,0.0729,1.9629,25.5614,0.174,0.0034,30.7822,1.394,33.2195,0.0123,0.6441,1.7471,5.0319,0.0105,0.001,0.0144,0.1129,0.0561,6.1558,0.0833,0.0401,37.4154,0.8604,5.7313,465.3436,3.6854,24.9984,2.8704,1.8149,0.4228,42.1547,0.2605,0.0032,0.1711,24.3882,282.0054,0.2939,0.5138,0.019,0.0089,0.0768,0.2583,77.7144,3.1611,0.0194,0.1322,1.1691,0.4753,2.8277,0.4222,392.4868,12.9364,0.367,315.4021,0.2574,4.869,6.0138,29.9728,164.9351,0.1808,0.0948,4.6394,0.7216,3010.3523,14.9684,0.529,27.2777,993.9714,,0.8,19.0715,41.0763,311.5165,24.0561,125.877,307.0362,13.3417
D_M6PR_05,1.2534,0.6318,3.7286,0.0805,0.0029,0.0258,1.9784,25.1505,0.1509,0,30.8206,2.0282,34.7045,0.0578,5.2203,1.3107,4.84,0.0529,0.009,0.0703,0.0225,0.0532,0.1438,1.8865,0.0175,35.9585,0.4587,3.6371,469.7617,3.2219,28.2414,2.4406,2.3551,1.3378,34.5886,0.0118,0.0146,0.145,21.9711,235.1835,0.6913,0.712,0.0752,0.006,0.0495,0.247,93.7954,4.0998,0.0124,0.168,0.211,0.3492,2.8931,0.178,357.9445,9.5617,0.4834,272.1833,0.5301,2.4535,5.49,26.8477,144.789,0.608,0.0869,5.94,1.1733,2889.7182,13.7702,0.7036,28.2563,1148.3815,,0.4308,17.0305,42.1977,311.3294,21.2658,128.1066,257.741,11.1296
M_M6PR_02,1.6618,0.4192,4.433,0.0806,0.0029,0.0636,2.6323,15.8805,0.0299,0.0094,33.0207,1.7957,40.261,0.0053,3.0247,1.0725,5.1239,0.0267,0.0083,0.0344,0.0249,0.0597,0.6943,3.9713,0.0018,27.2728,0.6582,3.6561,460.8361,1.9303,12.7081,0.2219,1.108,0.8446,29.3965,0.1899,0.0035,0.1292,14.9432,224.15,0.2953,0.7062,0.1175,0.0106,0.0286,0.0991,73.9489,2.4379,0.0421,0.2202,0.9218,0.2492,2.4701,0.6358,271.1409,5.7139,0.3775,108.3991,0.1997,2.302,3.6106,19.1485,146.2148,0.6066,0.0668,2.5234,1.4119,2210.6142,8.5347,0.4446,11.0597,559.7188,,0.967,7.0488,42.3868,174.7261,16.0214,54.5343,190.0936,7.5986
D_M6PR_03,1.6859,1.1586,4.2925,0.1769,0.0027,0.0172,2.4681,26.4709,0.034,0.0223,36.8268,3.0369,41.9077,0.0068,1.6798,3.9553,6.4677,0.0096,0.0029,0.0171,0.0386,0.1603,3.2186,5.6739,0.0182,42.0372,0.8458,4.7733,577.785,3.7976,31.9699,4.148,1.8067,1.2205,44.449,0.4827,0.0069,0.2452,27.3312,305.66,0.3254,0.6427,0.0986,0.0112,0.0045,0.2251,92.5135,4.4306,0.0215,0.1801,0.2406,0.3477,3.6119,0.6221,425.3926,12.8893,0.2589,316.0927,0.6486,5.4313,6.0214,35.7087,175.9891,0.6078,0.1273,4.6399,0.3466,3362.1465,17.388,0.1951,29.8736,1099.6354,,0.8139,18.6013,47.3686,325.2266,25.1779,170.0688,321.7142,15.2741
D_TFEB_OE_05,2.3428,0.0549,2.3358,0.3609,0.0494,0.0178,1.9093,2.0163,0.0432,0.0049,19.837,8.174,37.3477,0.0154,1.8485,4.5644,3.6614,0.0424,0.0031,0.0097,0.0157,0.014,2.6393,0.0083,0.013,4.448,0.247,0.5158,110.2071,0.4545,0.6288,0.6632,0.58,0.2054,24.3628,0.0798,0.0029,0.0844,1.309,36.5067,0.7079,0.3501,0.1174,0.0266,0.0642,0.0366,5.701,3.8706,0.016,0.3935,0.9731,0.0487,0.4066,0.1507,74.5406,0.4929,0.1251,14.8945,0.0728,0.0878,0.292,1.1007,28.5508,0.1696,0.0376,0.1083,0.2581,112.0207,1.7578,0.3293,12.781,448.1499,,0.8958,16.2418,60.1581,135.5465,12.664,7.7245,101.8456,4.2589
D_M6PR_04,1.3432,0.9358,2.3367,0.1971,0.0029,0.0309,2.1723,25.8544,0.158,0.0107,32.5091,1.5433,37.3222,0.0138,3.5731,2.1096,5.3657,0.0243,0.0122,0.0039,0.0194,0.0068,2.7947,0.4443,0.0146,38.0194,0.8313,4.2363,495.7214,3.5302,26.2635,5.3504,2.0329,1.2813,36.0467,0.1464,0.0074,0.5877,26.3043,294.6915,0.2988,5.8455,0.0291,0.0054,0.1013,0.08,98.0651,4.6652,0.027,0.2411,0.7495,0.3746,2.9315,0.5587,410.6552,12.7647,0.025,318.9198,0.6297,5.0926,6.4465,32.4814,191.4565,0.6334,0.1296,4.3575,1.7436,3110.7756,14.7887,0.2019,23.6513,1032.369,,0.6253,19.5391,45.3224,334.0602,24.9814,166.1688,322.7051,16.2745
D_LacZ_05,1.7014,1.2625,1.1782,0.2775,0.0023,0.0669,1.4066,1.8802,0.0673,0.0079,16.8075,5.1286,29.567,0.0243,2.3408,3.5564,2.7775,0.0514,0.0014,0.0127,0.0102,0.0356,0.5015,1.2273,0.0071,4.7156,0.1367,1.0149,110.5844,1.1036,0.6031,0.3639,1.063,0.4015,20.1334,0.0073,0.0001,0.0206,1.5348,41.2751,0.6405,0.3497,0.1106,0.0132,0.0169,0.0335,4.1324,3.1612,0.0248,0.8556,1.1866,0.0087,0.6058,0.1012,76.2928,0.4252,0.1034,16.2001,0.2561,0.0548,0.3746,1.492,31.3238,0.1534,0.0992,0.2178,0.7122,314.3458,2.2077,0.1027,12.9702,448.6838,,0.7507,15.4647,52.9385,127.5208,11.0159,11.4995,100.9986,4.818
D_LacZ_01,1.3808,0.3626,1.3514,0.2714,0.0055,0.074,1.256,1.0224,0.2242,0.0071,13.0573,4.3606,24.2163,0.0082,1.8697,2.0027,1.5989,0.0044,0.0079,0.0097,0.0287,0.0088,1.8233,1.3334,0.0104,2.9975,0.2142,0.1361,80.4058,0.4924,0.5188,0.7986,0.4447,0.4185,25.5365,0.0686,0.0072,0.1692,0.258,25.2685,0.398,0.1602,0.0636,0.0008,0.0281,0.0174,4.1738,3.0787,0.0054,0.8306,1.3674,0.0224,0.3695,0.0777,46.5019,0.2751,0.0735,8.8632,0.197,0.0212,0.2411,0.7084,17.7367,0.0209,0.0858,0.0311,0.6938,93.3397,1.1322,0.1737,10.5486,365.246,,0.6976,12.7855,46.2731,108.2799,9.0832,3.4903,82.9411,3.0509
M_M6PR_05,1.0533,1.9683,4.149,0.1086,0.0047,0.0342,2.2363,12.9501,0.0487,0.0157,31.1535,1.8116,34.8036,0.0119,4.7046,2.9059,1.9925,0.0491,0.0182,0.0308,0.015,0.0501,5.215,3.9217,0.0425,25.9679,0.5692,3.0794,435.2257,1.9231,6.01,1.4936,1.0997,0.7621,24.1217,0.011,0.0151,0.0961,15.6563,215.3463,0.1095,0.7112,0.0453,0.0394,0.0469,0.057,84.0082,2.6738,0.01,0.0787,1.1177,0.3087,2.6038,0.8387,258.1194,3.4358,0.3878,103.0748,0.5143,2.1929,3.4927,18.6382,148.3266,0.6942,0.1535,3.0361,1.4316,2239.5624,7.6723,0.2163,16.3123,527.4502,,0.7979,6.3126,40.3934,166.6798,15.5269,79.2492,188.0154,8.3149
M_M6PR_06,1.6548,0.7004,4.0509,0.2012,0.0045,0.0186,2.3544,12.5462,0.0412,0.0062,28.7278,0.9673,37.4421,0.0035,1.275,1.6172,4.2917,0.0441,0.0096,0.0942,0.0266,0.0129,3.5743,0.1824,0.0066,24.0569,0.307,3.1551,400.481,1.9412,13.6869,1.6161,0.1682,0.7032,20.3462,0.0188,0.0095,0.0536,15.3362,196.8671,0.6616,0.7674,0.0326,0.0087,0.0415,0.0737,78.3038,2.2136,0.0153,0.3014,1.4486,0.2484,2.5959,0.6061,257.7967,4.8333,0.1109,102.3255,0.1552,1.869,2.3002,16.1392,144.9451,0.6507,0.0162,1.9074,1.4473,1015.407,6.6883,0.2937,13.5503,529.6812,,0.8306,6.9394,41.276,169.8253,15.6298,70.9484,186.3045,5.6727
M_LacZ_02,1.5298,0.1584,1.3758,0.1193,0.0036,0.0337,1.2688,0.3882,0.053,0.0128,12.9788,2.9592,24.602,0.0092,1.76,0.8585,2.2623,0.0193,0.0048,0.0009,0.0157,0.0279,0.2917,0.7099,0.0137,3.3683,0.1252,0.3116,82.5372,0.6043,0.0325,0.2661,0.4698,0.2068,9.0101,0.0129,0.0057,0.1918,0.4935,18.9341,0.1604,0.2289,0.1573,0.0006,0.0254,0.0258,3.7613,1.6804,0.0008,0.2631,0.9441,0.0088,0.1496,0.1495,35.1097,0.2225,0.0477,5.9026,0.0591,0.118,0.1055,0.8029,14.9008,0.0629,0.0122,0.0594,0.6811,73.9167,0.8639,0.3099,11.0572,346.8305,,0.7485,8.938,37.5252,74.8667,7.2193,2.3936,68.7575,3.127
M_M6PR_03,1.4704,0.4541,3.7258,0.1094,0.0015,0.0392,1.8192,12.4799,0.0507,0.0037,26.5187,2.0104,30.7029,0.0076,0.878,1.871,3.1596,0.0052,0.0092,0.1006,0.0049,0.0084,4.3864,1.1552,0.007,21.6552,0.557,4.0269,365.6891,2.0579,3.3027,0.875,0.8429,0.6795,19.2692,0.0765,0.0009,0.0562,12.4197,171.3948,0.3487,0.5523,0.2191,0.0003,0.1133,0.0173,77.0085,2.342,0.0036,0.3204,0.2377,0.1698,2.4816,0.43,222.3956,3.3531,0.1568,85.1153,0.2414,1.8522,2.8275,14.8836,121.5306,0.3706,0.0338,0.7154,0.3162,763.1339,6.1198,0.2199,17.4681,495.2701,,0.7876,6.2519,35.1527,152.7583,13.2647,43.8372,172.1581,5.6776
M_M6PR_01,1.5297,0.2186,3.8274,0.1434,0.0025,0.0193,1.9807,13.6265,0.079,0.0104,28.2483,0.5412,36.0073,0.0006,0.446,2.4479,4.6079,0.0596,0.0175,0.0237,0.0171,0.0325,1.2962,1.5334,0.0077,23.6091,0.6396,1.147,381.3624,1.941,3.4547,1.3304,0.9457,0.5711,10.4355,0.0046,0.0094,0.1001,13.0788,175.8087,0.6617,0.5301,0.0345,0.009,0.0219,0.0602,79.4902,3.2579,0.0223,0.325,0.2953,0.114,2.2346,0.564,258.3768,2.1809,0.2514,100.9645,0.1499,2.2442,2.7424,16.4883,131.3449,0.1132,0.0182,0.7152,1.0747,756.9414,6.3811,0.2084,16.3077,536.805,,0.6158,7.0235,39.7307,165.3462,14.389,46.6832,186.6837,6.3243
D_LacZ_06,1.6243,0.4093,16.2849,0.282,0.0035,0.0135,1.2688,1.6024,0.0487,0.0037,15.5597,4.467,29.4917,0.0121,1.9898,0.0116,3.2062,0.0381,0.011,0.0035,0.0213,0.0174,2.106,1.8327,0.0121,4.4559,0.1496,0.7624,101.1747,1.1241,0.189,0.4522,0.3502,0.6132,13.1562,0.0082,0.0003,0.143,1.7339,34.8413,0.2858,0.5932,0.1183,0.0005,0.0309,0.0254,10.2752,3.1621,0.0127,0.2477,0.5914,0.0326,0.7212,0.0658,98.5728,0.6915,0.0683,19.4702,0.271,0.2822,0.2319,1.5628,36.6246,0.1364,0.0783,0.3754,1.1655,317.3539,1.7314,0.5297,14.6018,490.5008,,0.6778,17.038,61.5696,147.0949,12.2272,9.7523,112.1598,4.1245
M_M6PR_04,2.0762,0.8556,4.9948,0.2145,0.016,0.0879,2.7247,17.3834,0.062,0.0066,36.3811,0.8833,45.7055,0.0109,2.8309,0.4693,4.0596,0.0167,0.005,,0.0338,0.0106,6.8427,,0.0041,31.4464,0.7075,4.0851,546.5681,2.2929,8.3408,5.1352,1.2143,0.6357,4.3174,0.0134,0.0079,0.0516,19.5504,267.0791,0.462,0.3758,0.0724,0.0128,0.0071,0.1406,97.2854,4.2617,0.0142,0.2444,1.3784,0.1937,2.6471,0.8259,305.9655,6.1719,0.1019,129.2607,0.224,3.1453,4.1567,22.9511,174.925,0.6148,0.0699,2.6712,1.4366,1392.3826,8.9667,0.146,17.6633,574.2819,,0.7039,7.4419,43.5676,199.3997,19.0045,95.6499,217.604,9.2815
D_LacZ_03,1.7256,0.4833,1.6322,0.2631,0.0049,0.0099,1.4989,0.5665,0.0763,0.006,15.6714,4.6377,30.5032,0.0148,2.596,2.8426,3.3348,0.0158,0.0057,0.009,0.0168,0.0135,3.4242,0.0716,0.0087,5.3055,0.205,0.6491,108.6013,0.9107,0.3179,0.8196,0.6336,0.7344,17.2828,0.0509,0.0089,0.0195,0.5888,38.9579,0.247,0.0633,0.0364,0.0109,0.0217,0.024,8.6121,0.1752,0.0149,0.1479,0.3525,0.0106,0.2995,0.0558,86.2176,0.7853,0.1276,18.6204,0.1871,0.2802,0.1979,0.9248,36.3042,0.1653,0.038,0.0324,0.5889,122.3407,2.1179,1.2952,14.1647,479.2344,,0.8418,16.0143,56.0301,137.4688,11.7939,11.1146,107.9279,3.9432
D_LacZ_04,2.0831,0.5866,2.1609,0.2607,0.0007,0.2342,1.928,2.8495,0.0304,0,20.263,5.652,36.1253,0.0095,2.822,2.3911,3.8083,0.0438,0.0164,0.0131,0.0163,0.0327,0.1234,0.012,0.0207,6.0116,0.2861,0.1671,141.9528,1.5226,0.1971,1.7061,2.0054,0.8024,23.6991,0.0137,0.0053,0.0121,2.6228,53.6916,0.657,0.5963,0.1574,0.0152,0.1443,0.1001,11.0411,0.3862,0.0269,1.3799,1.6279,0.0458,0.3763,0.2063,131.0668,0.6702,0.3044,28.94,0.2384,0.5262,0.8268,2.7515,51.9543,0.0201,0.0975,0.1493,0.5312,438.2877,1.8106,0.1125,15.204,543.3315,,0.7829,17.9179,62.78,164.9145,13.07,16.0837,128.8115,5.3953
D_M6PR_01,1.2728,1.668,3.0224,0.1814,0.0005,0.0413,1.8577,21.0687,0.0766,0.0168,25.9843,1.1298,30.7672,0.0122,3.5299,1.8364,4.1446,0.016,0.0032,0.0368,0.0705,0.058,5.6688,4.5052,0.0039,31.4613,0.8348,1.7557,404.957,2.8454,25.3629,1.9179,0.6652,0.9183,31.8774,0.032,0.0038,0.1239,20.8066,216.9202,0.6152,0.2694,0.118,0.0037,0.0348,0.3191,85.6509,4.4482,0.0035,0.0394,0.9419,0.5098,2.8811,0.1701,363.7121,10.9491,0.4649,287.622,0.0392,3.7465,5.3757,28.8228,162.14,0.2889,0.0394,3.6765,0.488,1398.7793,10.5578,0.1432,27.128,999.8386,,0.6773,18.2886,40.4735,293.5761,21.6186,99.7359,293.0176,11.966
M_Alg12_OE_03,3.3968,0.5907,4.1878,0.3803,0.002,0.0166,3.1682,1.7742,0.1333,0.0017,27.3445,8.4359,53.9659,0.0159,0.5337,4.9948,4.3382,0.0087,0.008,0.0238,0.0129,0.0138,0.0833,0.0207,0.0034,6.3751,0.4329,0.0303,167.9925,0.9707,0.6104,1.4256,1.6407,0.4734,15.1153,0.0145,0.0009,0.0297,2.1662,55.5125,0.1751,0.7282,0.1058,0.0006,0.0969,0.0609,8.7501,0.3425,0.0139,0.5847,0.8063,0.0686,0.2866,0.2858,116.795,1.0365,0.2634,17.5898,0.4165,0.2153,0.535,3.1429,49.3152,0.0954,0.1169,0.2647,0.4257,359.5288,2.0178,0.1363,15.8191,551.9738,,0.8502,13.4389,58.6369,119.4442,11.8137,10.0122,115.8493,4.3605
D_Alg12_OE_05,3.5138,1.1534,3.8082,0.4108,0.0061,0.0215,3.2249,4.5625,0.0521,0.0056,32.9478,12.029,57.8306,0.0134,6.9998,7.886,6.091,0.0199,0.0093,0.007,0.0163,0.0121,6.1879,0.5162,0.0192,9.4999,0.261,0.085,225.4257,1.2807,2.9408,1.6493,2.0163,0.9652,50.5945,0.0078,0.0094,0.0179,1.852,90.5671,0.3344,0.3981,0.1925,0.0007,0.1344,0.1184,18.1233,0.7412,0.0327,0.165,2.3143,0.032,1.4009,0.5848,219.9465,2.4452,0.4591,51.1791,0.5523,0.4168,0.8891,4.9587,91.5909,0.0369,0.1088,0.2753,0.4999,634.3609,2.6272,0.3513,19.8557,757.8944,,0.9903,17.8755,80.7877,219.4794,17.3952,20.1583,157.6643,6.5833
M_LacZ_04,1.6686,0.2684,2.0977,0.241,0.0015,0.0365,1.4088,0.5441,0.0168,0.0029,13.2054,1.8223,31.2423,0.0312,2.308,1.543,1.5199,0.0104,0.006,0.0172,0.035,0.0166,0.4062,0.7984,0.0007,3.6947,0.006,0.4212,88.5163,0.2067,0.1282,0.1892,0.3081,0.1283,19.7142,0.0493,0.0006,0.0438,0.2961,21.8133,0.3407,0.0842,0.1344,0.0054,0.0162,0.0058,1.2596,0.6491,0.0418,0.1962,1.5614,0.0133,0.265,0.0192,32.6468,0.2401,0.0619,5.1388,0.0452,0.0452,0.0272,0.6205,14.8263,0.0243,0.1455,0.0696,0.3047,185.3236,0.6411,0.3171,10.5153,342.0585,,0.8268,8.6453,36.1244,71.5819,6.9965,3.7979,67.7069,2.7178
D_TFEB_OE_01,2.6516,0.8686,3.0242,0.2651,0.004,0.0149,2.2445,3.155,0.0823,0.0051,22.1887,5.9356,41.9521,0.0065,3.3476,4.4364,4.5586,0.0166,0.0066,0.0135,0.0192,0.029,4.8726,1.3252,0.0012,6.1219,0.4098,1.036,153.3524,1.748,0.3154,0.633,1.4107,0.5131,12.4422,0.0731,0.0116,0.1025,2.5553,58.5326,0.3717,0.8452,0.2951,0.0097,0.2633,0.0309,9.886,0.2026,0.0135,0.1076,1.8034,0.0364,0.9058,0.1564,128.943,0.8403,0.1097,28.4473,0.2724,0.3161,0.6992,1.8289,48.6671,0.2159,0.0861,0.1751,0.9956,410.8114,1.6615,0.1584,16.6271,529.6381,,0.924,19.5112,61.6678,162.2406,13.7441,13.2342,126.6116,5.6334
D_Alg12_OE_06,2.8788,1.8756,3.523,0.6561,0.0046,0.0925,2.5287,4.6295,0.0036,0.0055,29.6729,10.3828,46.2588,0.0077,1.9431,6.3702,5.8624,0.0243,0.0038,0.0411,0.0229,0.0087,1.4317,0.4116,0.008,9.8155,0.3716,1.1163,219.6112,1.7878,2.3378,1.7128,2.1808,0.8775,42.96,0.2743,0.0107,0.2619,2.7233,101.2636,0.4471,0.4874,0.0177,0.0132,0.1491,0.0896,21.1436,0.7821,0.0208,0.3224,1.7745,0.2413,1.1884,0.4308,225.7181,1.8248,0.381,57.1294,0.275,1.0867,1.4847,6.3484,92.144,0.1919,0.2282,0.1654,0.8815,703.4564,3.956,0.339,19.6853,712.0947,,1.1845,20.6339,68.9596,205.138,16.6964,24.9469,174.2652,7.3914
M_Alg12_OE_02,3.5364,1.0672,4.7489,0.5791,0.0238,0.0271,3.2232,2.5196,0.1223,0.0011,31.1687,9.02,58.746,0.0171,6.315,5.0295,4.954,0.0229,0.0041,0.0086,0.0098,0.0523,2.1167,1.4845,0.0086,7.9381,0.2483,0.9577,217.5655,1.2572,1.3119,0.5111,1.9996,0.82,33.8188,0.2181,0.0015,0.0165,3.4692,80.0489,0.0902,0.8156,0.0658,0.0016,0.0546,0.0587,15.194,3.0987,0.0223,0.5008,2.2812,0.0077,1.2973,0.6343,176.6789,1.2249,0.3923,31.7097,0.6737,0.2953,0.5206,3.5832,72.272,0.0177,0.0319,0.2536,0.9885,501.0655,2.2632,0.1315,18.8199,642.7143,,1.1054,15.581,65.7027,146.4284,13.6367,8.8409,139.6286,6.3863
D_TFEB_OE_04,2.3317,0.7283,2.0574,0.3944,0.0054,0.0322,1.6948,0.7577,0.0466,0.0017,18.5025,7.6043,35.2445,0.025,3.848,4.4516,2.8367,0.0594,0.0073,0.0147,0.0385,0.0341,0.379,0.1136,0.0411,4.2923,0.1794,0.9473,107.1226,1.2222,0.2813,0.6876,0.387,0.5691,2.7398,0.0131,0.0017,0.1239,1.17,30.8128,0.4405,0.4973,0.1039,0.0011,0.1081,0.0137,5.7509,0.3241,0.0077,0.356,1.8452,0.0214,0.4294,0.0863,89.3197,0.6922,0.0112,18.3121,0.1897,0.2532,0.2298,1.5161,35.1064,0.0628,0.1478,0.0784,0.7913,279.9683,0.7543,0.1947,13.1651,452.5602,,0.8525,16.1004,58.8775,137.2524,12.2738,7.5887,101.9565,4.311
M_TFEB_OE_02,2.7186,1.1719,2.7359,0.2942,0.0037,0.0591,1.9415,1.0417,0.1012,0.001,17.5502,6.4766,39.89,0.0298,2.7518,3.6474,2.9902,0.0141,0.0131,0.0081,0.1021,0.0874,0.8158,0.058,0.0072,3.5953,0.0583,0.1625,100.2433,0.403,0.3548,0.5276,0.8002,0.4273,17.683,0.0089,0.0032,0.046,0.5989,21.2983,0.5706,0.2472,0.0765,0.0005,0.022,0.005,3.7686,2.83,0.0164,0.2964,1.3104,0.0218,0.1469,0.1342,54.2789,0.3291,0.2207,7.9845,0.1241,0.005,0.0735,1.2112,24.6999,0.1315,0.1138,0.0331,1.0865,65.4413,0.8284,0.2743,13.138,392.876,,0.9049,10.3222,47.7733,90.3722,9.4941,4.4564,78.5521,3.4965
M_TFEB_OE_04,2.6564,0.4306,3.048,0.3256,0.0021,0.0138,2.1477,0.5475,0.0269,0.0041,18.5899,7.3252,38.9345,0.0159,2.3633,3.5347,3.2863,0.0065,0.0095,0.0079,0.0128,0.1042,1.0056,1.4544,0.0184,4.2211,0.0332,0.3859,104.5742,0.7655,0.2392,0.6803,0.4323,0.3784,17.7608,0.012,0.0003,0.2339,1.0309,26.6918,0.4709,0.7754,0.157,0.0131,0.1169,0.0315,1.4609,2.108,0.0057,0.1683,0.5035,0.0118,0.3363,0.1826,60.1289,0.4097,0.0934,8.1739,0.256,0.0482,0.0775,0.7158,25.7824,0.0063,0.0935,0.0528,0.4796,192.8824,0.4676,0.2121,12.2578,389.3955,,0.91,10.7939,49.2172,88.1654,9.5464,1.755,79.5354,3.446
M_LacZ_05,1.1161,0.174,10.9062,0.0394,0.0017,0.0186,1.089,0.4551,0.0402,0.0033,9.7394,2.0511,23.8476,0.024,0.821,1.2974,1.6816,0.0155,0.0071,0.0164,0.0153,0.009,0.2479,1.0172,0.0045,2.9754,0.0344,0.094,66.6899,0.3448,0.3048,0.3712,0.172,0.2818,7.9633,0.0248,0.0004,0.0319,0.3301,13.1099,0.2116,0.5265,0.1917,0.0009,0.0053,0.0142,0.6329,2.1404,0.0101,0.2659,1.0942,0.0118,0.1462,0.0086,23.7173,0.0727,0.0792,3.8128,0.0295,0.0243,0.0396,0.375,9.6281,0.0405,0.0058,0.0694,0.5322,57.4915,0.6101,0.2545,9.3867,286.417,,0.5934,8.364,29.2134,63.8423,6.0799,2.0594,56.6267,2.5014
M_TFEB_OE_01,2.3164,0.0578,2.3816,0.2526,0.0125,0.2518,1.5131,0.1591,0.0312,0.003,15.9578,6.1555,34.1247,0.0041,0.3082,1.7064,2.963,0.0349,0.0085,0.0071,0.0033,0.0355,0.6915,0.9372,0.0014,3.6105,0.2,0.0628,91.7251,0.4909,0.1067,0.5775,0.4834,0.388,12.7853,0.0165,0.0004,0.0444,0.6389,22.339,0.1669,0.3344,0.2131,0.0035,0.0081,0.0063,4.2316,2.0627,0.0146,0.3672,0.653,0.0429,0.2864,0.1607,46.4765,0.1059,0.0548,5.8927,0.0863,0.0429,0.0459,0.8072,20.7019,0.1299,0.0123,0.0568,0.1825,178.7347,0.0671,0.5495,11.268,367.3333,,1.0576,9.7439,44.971,82.3239,9.0576,4.0222,72.0454,3.2723
M_TFEB_OE_06,2.6538,0.404,3.0094,0.2289,0.0057,0.3851,2.2539,0.657,0.0374,0.0094,17.9801,6.514,40.1881,0.0116,2.5134,2.9482,2.9324,0.0066,0.0054,0.0112,0.0173,0.0314,0.7243,1.0997,0.0083,3.9546,0.2685,0.5177,108.8936,0.8187,0.0159,1.1282,0.4438,0.5206,12.4332,0.0604,0.0049,0.0426,0.4885,23.3517,0.8166,0.6984,0.1668,0.0063,0.1542,0.0326,3.7788,2.6714,0.0177,0.3832,1.4179,0.0174,0.2291,0.0814,57.3778,0.5331,0.1082,8.5939,0.1294,0.1096,0.0668,1.245,24.3158,0.0629,0.0811,0.037,0.0768,207.8453,0.8878,0.3023,12.9902,421.3275,,0.7397,10.1035,48.4846,88.8885,10.251,4.5501,80.6805,3.3964
D_TFEB_OE_03,2.1034,1.0038,2.0135,0.3584,0.0018,0.0591,1.3772,0.4226,0.0321,0.0048,16.6623,7.4189,32.2874,0.008,1.67,4.7058,0.709,0.0315,0.0059,0.0163,0.0123,0.0743,2.2837,1.5165,0.0151,3.5726,1.507,0.4595,89.1993,0.9289,0.5137,0.0679,0.227,0.7588,15.3943,0.0056,0.0072,0.0545,0.235,26.8311,0.5125,0.3694,0.1629,0.0008,0.0495,0.0409,4.5241,3.1501,0.0136,0.2094,1.3441,0.0191,0.6578,0.1279,75.3135,0.732,0.0368,13.19,0.1736,0.1141,0.1546,0.8106,29.9525,0.189,0.0243,0.0883,0.9191,217.3869,1.1372,0.2406,12.9623,403.7334,,0.6523,14.8168,58.5628,118.9232,12.2964,5.5737,92.3304,3.6405
M_TFEB_OE_03,2.5138,0.3771,3.0145,0.1875,0.0638,0.0814,2.2187,1.2508,0.0623,0.0024,17.911,3.87,40.4301,0.0332,3.2166,3.5145,3.118,0.0096,0.0139,0.0548,0.0112,0.0199,2.6881,0.0044,0.0193,4.0869,0.2562,0.2761,110.0903,0.679,0.2519,0.7094,0.9362,0.3787,6.2186,0.0189,0.0044,0.144,0.3323,30.3174,0.3697,0.4145,0.1815,0.0096,0.0607,0.019,3.7216,0.1318,0.0098,0.1077,0.3251,0.0123,0.4011,0.1714,64.3557,0.312,0.1096,10.1292,0.1914,0.1652,0.0986,1.2087,27.2928,0.0824,0.0126,0.0468,0.9327,218.6801,0.5626,0.4566,11.5899,418.8249,,0.84,10.8672,46.7853,87.458,9.2374,5.5895,82.2862,3.5604
M_LacZ_01,1.4403,0.741,1.7583,0.0897,0.0033,0.0181,1.4024,0.2514,0.0612,0.0041,11.7448,2.8553,24.7922,0.005,1.367,1.6037,1.3972,0.05,0.0085,0.0072,0.007,0.017,0.4728,0.5866,0.0002,3.3377,0.1793,0.1953,82.5049,0.3037,0.5273,0.3109,0.6612,0.3447,17.5133,0.0141,0.0111,0.0253,0.6516,17.3056,0.0709,0.4949,0.2021,0.0299,0.0255,0.036,1.8641,2.0449,0.005,0.2336,1.1973,0.0106,0.2548,0.0412,32.5911,0.2898,0.0905,6.1303,0.16,0.0271,0.1486,0.3651,14.6022,0.0172,0.0049,0.0158,0.1699,68.5491,0.8952,0.248,10.5607,343.1591,,0.7066,8.981,35.3472,71.456,7.136,4.8743,66.181,2.8883
D_Alg12_OE_01,3.243,0.7431,3.2411,0.3102,0.003,0.1487,1.5946,1.6013,0.0395,0.0057,29.2379,11.27,52.3064,0.0017,3.9701,6.926,5.4686,0.0114,0.005,0.0212,0.0702,0.0307,4.4102,0.2523,0.0076,7.9804,0.5239,0.8925,197.2393,1.152,0.6813,0.5269,1.464,0.9358,33.3572,0.025,0.0024,0.0143,4.3947,91.5718,0.2882,0.6431,0.0864,0.0105,0.1503,0.0504,26.3719,0.5864,0.0141,0.2714,1.7292,0.1552,1.1343,0.3993,236.747,1.9498,0.1479,53.2056,0.2344,0.707,1.2459,5.5278,96.1805,0.2243,0.2382,0.4109,0.4613,220.4181,3.6342,0.2083,18.779,659.6935,,1.0018,19.6139,77.3,200.1419,17.2918,19.4365,169.9628,7.6147
M_Alg12_OE_01,2.2491,0.125,21.5015,0.1062,0.0027,0.4016,1.8831,0.9375,0.0383,0.0089,20.6628,4.9049,39.3561,0.0048,2.8429,3.6168,2.991,0.0158,0.0147,0.0173,0.0428,0.0202,1.6384,0.5437,0.0216,5.0382,0.2581,0.1069,147.6905,0.363,1.4613,0.2461,0.3695,0.4957,10.8131,0.0693,0.0066,0.074,1.0621,40.2008,0.48,0.5358,0.0275,0.0115,0.0199,0.0552,16.1606,0.4117,0.0199,0.1229,1.2655,0.0419,0.4996,0.2476,105.5333,0.5871,0.123,18.4713,0.5514,0.1939,0.1788,2.6239,45.0158,0.1496,0.0082,0.043,0.8167,384.5028,1.4572,0.6364,17.1082,570.163,,0.7187,12.4235,51.2961,124.0614,10.3056,8.5125,110.706,4.9328
M_Alg12_OE_06,2.1848,0.3415,2.6571,0.2343,0.0116,0.0227,2.201,0.9838,0.0511,0.0086,19.7891,5.773,35.3006,0.008,1.5879,3.7411,3.0983,0.0256,0.0053,0.0037,0.0152,0.0112,3.4833,0.388,0.0077,5.0669,0.2509,0.5779,139.1455,0.1054,0.4441,0.4398,0.7852,0.59,39.5047,0.1456,0.0007,0.0238,1.8938,38.6688,0.1973,0.9041,0.0375,0.0051,0.0322,0.012,14.7245,0.1283,0.0046,0.266,0.6521,0.0157,0.7758,0.2591,102.4205,0.9083,0.183,18.7802,0.3938,0.2427,0.2921,3.2267,41.6273,0.1286,0.0436,0.0599,0.1857,360.3854,0.9079,0.7401,17.5139,538.2529,,0.8142,12.403,50.4084,114.0944,10.2293,8.1706,110.0732,5.0371
D_TFEB_OE_02,2.1938,0.6583,15.7497,0.1641,0.0548,0.1138,1.4447,0.5124,0.0367,0.002,16.5712,6.7227,30.7132,0.0054,3.6704,2.999,3.2111,0.0232,0.0106,0.0538,0.0048,0.0433,0.3882,0.2816,0.0061,0.0859,0.499,0.4646,96.1502,1.1878,0.1308,0.2688,1.9612,0.3098,37.9487,0.0168,0.0028,0.0365,0.9983,28.9285,0.7587,0.2241,0.1868,0.0013,0.041,0.0064,9.5031,4.1797,0.0079,0.3833,1.2638,0.0346,0.8957,0.1042,106.647,0.881,0.0595,20.0419,0.0819,0.0649,0.3143,1.6532,42.0561,0.0871,0.014,0.0385,0.5431,267.0499,1.4767,0.2414,14.1553,475.786,,0.821,17.4017,62.7497,143.3,13.1738,6.1513,109.2194,4.217
M_LacZ_03,1.3422,0.0152,10.5376,0.1181,0.0026,0.0397,0.9261,0.1234,0.0306,0.0014,10.1334,2.7315,23.2696,0.0039,0.1861,1.8362,1.6018,0.006,0.0072,0.0022,0.0109,0.0255,0.7091,0.7994,0.0531,2.6391,0.1353,0.2278,70.2715,0.7438,0.1102,0.0459,0.1012,0.4618,16.3936,0.0198,0.0004,0.0753,0.3587,9.9063,0.7833,0.1931,0.1036,0.0265,0.0511,0.0173,4.4078,2.0941,0.001,0.0472,1.191,0.0191,0.1847,0.0496,35.7094,0.1579,0.0477,4.7326,0.0224,0.0061,0.0749,0.7125,16.5089,0.0893,0.0284,0.0479,0.7378,165.1322,0.2841,0.7132,11.592,360.0503,,0.832,8.5634,37.9797,76.0603,7.5849,1.8617,68.5702,2.8066
M_scramble_05,0.5544,0.3129,0.9929,0.0374,0.0014,0.2585,0.428,3.1888,0.0229,0.0029,10.2167,0.2725,16.4955,0.0005,0.9178,0.2407,0.5448,0.0155,0.015,0.0047,0.0146,0.0034,0.126,0.4588,0.0004,7.6952,0.1183,0.6601,121.5037,0.2702,0.6778,0.3377,0.3271,0.0911,9.2983,0.01,0.0004,0.1013,2.0585,50.6229,0.3904,0.4277,0.0313,0.0024,0.0209,0.0928,12.7073,0.5167,0.0216,0.1452,0.9718,0.0412,0.902,0.1566,72.6008,0.8596,0.1121,28.0603,0.1156,0.4196,0.4018,4.1049,30.6851,0.1864,0.044,0.9982,0.2435,564.8598,2.9124,0.5138,16.4969,520.7362,,0.6107,7.1432,19.3686,99.1647,6.3512,24.6422,97.8789,2.9732
D_siTFEB_04,0.5909,0.2171,1.3181,0.0073,0.0068,0.0126,0.3279,7.7385,0.0748,0.0046,12.6983,1.4214,19.0914,0.0032,1.178,1.6994,2.0451,0.0206,0.0168,0.0139,0.0199,0.0063,2.5688,0.2316,0.0094,14.7718,0.1035,1.3569,160.1007,2.5286,9.3969,1.2984,0.2718,0.4047,17.8698,0.1701,0.0086,0.0312,11.2807,105.0191,0.3561,0.2688,0.0752,0.0007,0.0039,0.1312,24.2461,1.9043,0.0077,0.0914,1.5629,0.117,1.7663,0.2332,111.6641,3.3379,0.2582,71.7556,0.1413,1.7574,1.8751,8.3363,35.5857,0.4403,0.1467,2.5994,0.3742,938.8213,5.729,0.4123,16.0514,714.7395,,0.6218,8.9507,14.0286,100.2456,6.0272,44.4605,138.3794,6.8553
M_siTFEB_04,0.2895,0.4209,1.4018,0.0326,0.0005,0.0281,0.6438,4.1156,0.0179,0.0035,9.9713,0.8111,18.3826,0.013,1.2105,0.9866,1.7172,0.0035,0.0123,,0.0102,0.0434,0.5985,1.5464,0.0071,10.966,0.1054,0.1898,138.8207,0.88,2.143,0.8831,0.4255,0.2284,13.8152,0.0246,0.0083,0.0563,6.1914,71.7546,0.1859,0.1519,0.0231,0.012,0.0464,0.0088,18.37,0.7691,0.0315,0.1217,1.312,0.1312,0.7077,0.1437,53.5138,1.1382,0.2845,21.847,0.2125,0.2834,1.2704,4.3318,18.057,0.1589,0.0072,0.8583,0.2316,664.152,2.7197,1.2585,12.4162,530.5853,,0.7409,4.262,10.5371,67.4203,4.1536,24.3072,90.9162,4.79
D_TFEB_OE_06,2.636,0.0375,2.054,0.2356,0.0045,0.0137,1.5827,0.6556,0.0148,0.0023,19.587,8.7285,40.595,0.0106,3.6109,5.4608,3.7737,0.0137,0.0109,0.0039,0.0162,0.0583,3.759,0.9057,0.0328,4.3102,0.4368,0.6841,111.4804,0.8014,0.145,0.3881,0.4558,0.8728,13.0951,0.0067,0.0086,0.1921,0.7059,31.2515,0.3267,0.3017,0.281,0.0131,0.2063,0.0229,6.2264,4.1675,0.0009,0.13,1.1504,0.0757,0.6922,0.0116,94.11,0.8356,0.0693,16.0274,0.2639,0.1437,0.2334,1.1731,36.4876,0.3253,0.021,0.0452,1.0341,260.0743,1.081,0.6738,14.3946,479.1745,,0.9324,14.5903,66.349,142.791,13.609,6.2148,99.1812,4.1011
M_siAlg12_05,0.7774,0.3451,1.5991,0.1058,0.0029,0.0277,1.0746,7.0741,0.0569,0.0039,15.1444,0.441,20.4019,0.0071,0.4383,0.708,2.4152,0.0048,0.0027,0.0137,0.015,0.007,1.0386,1.1423,0.0055,13.3752,0.6316,1.5095,181.5514,1.8446,7.028,0.9303,0.8144,0.4402,17.7391,0.0069,0.0102,0.3164,9.4832,113.5652,0.4268,0.2733,0.0669,0.0002,0.0416,0.0888,25.3405,0.9016,0.0046,0.1913,1.4769,0.0917,1.8192,0.0631,182.9509,3.5415,0.163,80.9774,0.0922,1.3697,1.8384,11.9031,78.8696,0.3428,0.1245,1.6302,0.6276,1011.6157,4.9064,0.0767,18.6267,705.829,,0.6983,9.8892,29.5346,157.3222,10.283,46.4873,170.7102,5.0697
D_siTFEB_05,0.6814,0.38,1.3696,0.112,0.0011,0.0092,0.7562,8.4494,0.0025,0.008,14.1895,1.7786,20.6543,0.0152,1.2496,0.4252,2.1172,0.0162,0.0123,0.0092,0.0163,0.0131,0.7691,1.2148,0.008,15.4569,0.2295,1.9636,167.1721,2.0002,11.7948,0.5411,1.1057,0.2956,18.2601,0.2446,0.0142,0.2478,14.129,128.7716,0.2687,0.4922,0.0649,0.0008,0.0508,0.0157,35.1479,1.8328,0.0113,0.2311,1.4246,0.124,1.8346,0.1107,126.4669,3.7652,0.1936,83.2792,0.1653,1.5183,1.967,10.4928,38.821,0.3647,0.1562,2.3502,0.5019,1014.5331,6.2943,0.1563,15.3474,707.1511,,0.6549,9.5028,14.357,101.3973,6.6606,37.9431,143.5957,3.6334
M_siAlg12_04,0.7474,0.2979,1.7534,0.0227,0.0034,0.0127,1.1226,8.5592,0.082,0.0083,15.1353,1.0142,18.944,0.0138,1.0411,0.4994,2.2986,0.0307,0.0051,0.0087,0.0056,0.0124,1.5321,0.3797,0.0037,13.8388,0.5152,1.1655,196.4384,2.1128,7.7922,2.4482,0.7293,0.4955,17.1427,0.0088,0.0129,0.2302,10.5974,112.9159,0.432,0.2531,0.0396,0.0174,0.035,0.1084,33.0166,1.0056,0.0077,0.353,1.1397,0.1046,1.8874,0.3716,187.4898,4.3424,0.2488,89.3964,0.4251,1.1943,2.0846,13.2688,88.7134,0.2867,0.1274,1.5504,0.3083,1133.4584,5.2582,0.3,13.4257,595.1577,,0.607,9.4253,30.0242,165.7496,10.8921,52.0206,170.4814,7.3712
D_siTFEB_06,0.6301,0.1401,1.3004,0.0684,0.0018,0.0433,0.9313,8.4792,0.0604,0.0066,13.5767,0.4056,20.1287,0.0207,1.2403,1.0581,2.1345,0.0242,0.0035,0.0515,0.0031,0.0098,1.7108,0.1715,0.0086,15.4966,0.2849,0.8786,162.0712,2.2845,4.857,1.4956,0.5176,0.3461,16.8499,0.1072,0.0004,0.1028,13.2919,117.0093,0.3475,0.2972,0.0228,0.0204,0.0195,0.0864,35.3672,2.1357,0.0139,0.2024,1.3639,0.0418,2.2386,0.1394,129.6577,4.1701,0.1379,91.3333,0.1393,1.8765,1.9338,10.0354,39.5756,0.3709,0.0728,2.7545,0.4843,1016.4192,5.9184,0.2498,19.3562,743.0447,,0.5401,9.9011,15.0598,110.9847,6.8227,48.2871,148.1519,7.7054
D_siAlg12_05,0.5839,0.3848,1.436,0.0769,0.0006,0.0177,0.6861,13.7043,0.1682,0.0574,14.0404,0.9449,17.7622,0.0081,0.8229,0.9094,2.2964,0.0338,0.0167,0.1722,0.0137,0.0168,3.1713,1.4541,0.0206,17.3185,0.7019,1.7111,185.4127,3.3382,8.8419,0.728,0.7065,0.8736,17.2148,0.0225,0.0203,0.1828,12.7367,119.692,0.6803,0.181,0.0199,0.0091,0.0356,0.3311,44.3743,2.3607,0.0118,0.3136,0.5737,0.1565,2.2832,0.206,297.7074,8.5073,0.1625,238.5506,0.0669,1.6321,3.3676,20.6274,114.0811,0.6159,0.2156,1.7914,1.1608,1297.5559,8.2863,0.1223,20.6079,1009.8496,,0.5048,17.5016,35.8116,242.8761,15.233,74.7106,253.2673,10.2536
M_siAlg12_06,0.644,0.1129,1.4691,0.0434,0.0003,0.0122,0.8772,7.3803,0.0297,0.0038,14.7005,1.3014,18.614,0.0049,1.2491,0.7078,2.2966,0.0235,0.0063,,0.0279,0.0195,0.9712,0.1167,0.0085,12.9801,0.1178,0.1114,179.2164,1.5502,8.7381,1.5524,0.7514,0.6015,15.8628,0.0307,0.0001,0.3141,9.2071,111.2494,0.4434,2.6341,0.0601,0.017,0.0892,0.0236,29.9719,0.8981,0.0345,0.2011,1.1919,0.1672,1.5537,0.1347,176.1524,3.5524,0.303,76.7486,0.1727,1.3235,0.9046,7.0747,77.4424,0.3562,0.0705,2.0354,0.8295,1020.2395,5.3445,0.093,12.3154,646.1712,,0.6672,9.1869,28.6357,155.2229,9.8517,46.4717,164.9748,9.5176
M_TFEB_06,0.4917,0.0869,1.1433,0.0817,0.0015,0.041,0.4087,1.0043,0.0389,0.0128,9.2408,1.0469,16.3035,0.014,0.641,0.5416,1.3495,0.0115,0.0118,0.0077,0.01,0.0084,1.1533,0.3163,0.0078,9.2382,0.0656,0.2868,110.0009,0.8026,1.4936,1.0067,0.3016,0.1713,7.5497,0.0072,0.0007,0.0168,4.5593,50.193,0.2582,0.2672,0.1576,0.0007,0.0266,0.0047,12.208,0.5432,0.0085,0.1623,0.5844,0.0151,0.7832,0.1712,35.6663,0.7074,0.1546,14.451,0.0677,0.3879,0.6795,3.2772,11.1947,0.0535,0.0569,0.4458,0.0613,507.4179,2.6412,0.0704,10.9058,457.2813,,0.5986,4.1095,8.622,56.5802,3.6327,9.8141,79.6647,2.8517
D_siAlg12_06,0.4293,0.3602,1.7643,0.178,0.0016,0.0884,0.4494,17.6532,0.0809,0.0101,18.0908,1.2376,19.9767,0.0078,1.4816,2.2235,3.0554,0.008,0.0308,0.0162,0.0095,0.0419,2.5757,1.0828,0.0277,22.3591,0.8638,2.4215,231.7126,4.6461,10.0323,4.1219,0.6522,0.8028,22.7677,0.008,0.0103,0.1033,15.483,130.4987,0.4577,0.2564,0.0681,0.0103,0.0481,0.327,59.7401,3.5882,0.0059,0.0918,1.5048,0.2338,2.6402,0.1737,374.2824,11.122,0.2995,323.4951,0.0434,3.37,3.916,24.9062,150.6492,0.5293,0.0544,2.9589,1.0148,936.1508,9.0919,0.214,32.2443,1090.9292,,0.486,16.9284,43.5877,304.8429,18.0871,78.1047,261.0457,10.683
D_Alg12_OE_04,2.6802,0.7436,19.5182,0.3286,0.0031,0.1863,2.2491,2.0441,0.0671,0.0027,25.701,8.6455,47.6576,0.008,3.0871,6.2113,4.8976,0.0282,0.0431,0.0047,0.0094,0.015,0.3748,0.0246,0.0072,7.6908,0.1159,0.9974,181.9548,1.0244,2.509,2.4914,1.1257,0.3472,63.3913,0.0414,0.0209,0.0586,3.5334,63.486,0.3973,0.2833,0.1045,0.0059,0.0546,0.0149,27.7383,0.4561,0.027,0.366,1.8098,0.1362,1.267,0.416,210.1884,1.5005,0.2994,48.0712,0.6891,0.6571,0.838,4.4396,85.0167,0.3846,0.1026,0.0331,1.3672,572.0888,2.6802,0.6743,21.0134,712.0448,,0.9891,17.9606,73.2355,200.3687,15.5556,13.9734,151.3575,5.6929
D_scramble_04,0.661,0.4742,1.6648,0.0538,0.0016,0.2802,0.6399,13.7215,0.0325,0.004,17.3082,0.8742,20.3275,0.0088,1.0014,0.533,2.9231,0.0209,0.006,0.0227,0.0066,0.0077,4.3653,0.0341,0.0049,20.9605,0.3257,1.3825,260.1092,3.2567,19.0318,1.6324,0.691,0.7711,23.2737,0.1612,0.0242,0.0421,16.7552,177.9703,0.3511,4.8237,0.0731,0.0083,0.0405,0.0796,54.8334,2.9147,0.0018,0.1316,0.7957,0.1181,2.2904,0.1749,264.7976,11.076,0.2222,269.7582,0.107,3.4823,4.9243,28.0361,111.4943,0.762,0.1123,3.1434,1.0818,1990.2057,10.4156,0.2235,24.5082,990.4055,,0.5557,15.9062,28.1833,247.189,15.0758,83.0739,241.4807,9.6433
M_siTFEB_05,0.5723,0.109,1.4964,0.0223,0.0026,0.2301,0.7556,4.0572,0.0146,0.002,11.7974,0.6302,20.8878,0.0116,0.3076,1.0422,1.1011,0.0057,0.0089,0.0105,0.0335,0.0151,2.083,0.4689,0.0045,10.4583,0.2558,0.2953,143.3773,0.9659,2.7,0.9646,0.6214,0.2117,11.3498,0.0171,0.0034,0.0354,5.8303,72.8074,0.1302,0.3733,0.1073,0.0197,0.0323,0.0042,20.908,0.7008,0.0082,0.1114,1.5181,0.0371,1.1149,0.2145,57.5304,1.4756,0.0217,22.183,0.2814,0.5025,0.9092,4.7384,18.0167,0.0899,0.138,0.787,0.0471,673.5886,3.4498,0.2515,14.8692,548.4179,,0.5464,4.8337,10.4996,65.9598,4.4813,24.5494,96.2751,5.0273
M_Alg12_OE_04,2.4742,0.4344,3.2061,0.1532,0.0022,0.1041,1.4344,1.035,0.1027,0.003,23.9496,6.6727,45.2934,0.0297,1.689,4.2729,1.5422,0.0009,0.0073,0.0184,0.068,0.0143,0.2737,0.0856,0.0078,6.2971,0.2644,0.3638,171.47,1.0129,0.162,0.8788,0.6511,0.4266,21.3632,0.0378,0,0.0547,2.6977,56.7098,0.2092,0.4469,0.302,0.0094,0.0195,0.0395,15.5897,0.139,0.0106,0.2163,1.2989,0.0121,1.061,0.3356,137.0899,1.3527,0.1352,26.6031,0.5273,0.1804,0.5547,3.5568,58.1704,0.1928,0.0658,0.0774,0.756,450.213,2.0877,0.4168,18.724,576.5387,,1.0169,13.3598,51.9083,127.3735,11.104,10.8634,123.3318,5.1441
M_scramble_04,0.4649,0.0606,1.2353,0.021,0.0006,0.034,0.7346,3.1421,0.0279,0.0033,10.7881,0.4154,14.7089,0.0141,0.7827,0.2344,1.5131,0.0065,0.0135,0.0054,0.0308,0.0168,0.415,1.734,0.005,9.0043,0.3189,0.675,143.8469,0.7141,5.0155,0.4333,0.4909,0.0332,10.8741,0.1658,0.006,0.0991,5.3445,65.5207,0.3224,0.2974,0.1335,0.009,0.0457,0.0274,24.8959,0.6184,0.0084,0.1689,0.7674,0.0182,1.4248,0.0905,98.1686,1.8716,0.2612,44.8752,0.0363,0.8545,1.5093,6.283,41.9896,0.1306,0.0341,0.7821,0.3294,792.8775,3.2503,0.3145,14.1435,575.6281,,0.3977,7.3271,20.346,114.1801,7.0269,21.9833,117.3101,4.9619
M_scramble_06,0.5478,0.203,1.4622,0.013,0.0051,0.0093,0.7985,4.6552,0.0482,0.0092,12.5598,0.5711,16.7792,0.0077,1.0409,0.1278,1.0012,0.0158,0.0054,0.0265,0.0091,0.0546,0.7546,1.1228,0.0122,11.3487,0.138,0.6538,173.3715,1.6898,3.2499,0.5629,0.5448,0.3287,10.3223,0.0047,0.0073,0.0265,6.5872,86.5542,0.625,0.4354,0.0684,0.0045,0.0184,0.0244,31.5887,1.4478,0.0042,0.2099,1.1608,0.1009,1.7628,0.2567,133.0915,3.0729,0.2695,64.9604,0.2047,0.694,1.494,5.5608,60.9786,0.3329,0.0177,1.3578,0.3146,980.4042,4.0506,0.114,14.4211,626.2912,,0.6819,7.6135,22.8426,136.2668,8.4326,26.945,134.569,3.1906
D_siAlg12_04,0.5389,0.2124,1.2348,0.0781,0.0013,0.0324,0.5039,13.037,0.0354,0.004,13.0082,0.224,13.8748,0.0068,1.5683,0.4412,1.8942,0.0193,0.0132,0.0079,0.0255,0.0135,0.9944,0.8551,0.0078,16.9512,0.5974,1.8308,178.2242,3.4066,17.3241,1.3726,0.659,0.6964,14.0009,0.2703,0.0031,0.3101,13.7769,123.7705,0.1167,0.2206,0.0763,0.0004,0.0884,0.1238,38.5851,2.1317,0.0198,0.121,0.6865,0.3064,2.4173,0.0734,270.3439,8.7508,0.1163,236.3384,0.1195,2.4938,3.535,12.1493,104.7016,0.476,0.0098,2.487,0.4788,1314.7683,8.237,0.348,18.3723,913.1159,,0.6387,18.5171,30.6108,233.3203,14.4633,78.7293,239.3166,9.8272
M_Alg12_OE_05,2.6593,0.9475,3.5152,0.1566,0.0027,0.0485,2.6484,0.8458,0.0565,0.0053,24.4083,6.1995,47.4468,0.0065,1.3681,2.5778,4.1651,0.0201,0.0033,0.0064,0.0259,0.0169,1.9115,0.8335,0.004,7.1019,0.147,0.6868,170.1961,0.1968,0.3121,0.5886,2.469,0.4966,11.8061,0.0142,0.0065,0.0312,2.412,43.952,0.1744,0.2485,0.1951,0.0099,0.0705,0.0641,13.1255,0.3727,0.022,0.461,1.0832,0.0906,1.1091,0.5981,160.6604,0.9103,0.3586,29.9316,0.5085,0.386,0.612,4.6104,72.0726,0.1345,0.149,0.1007,0.2262,459.6243,1.9652,0.1816,18.1786,627.3257,,0.8581,13.8562,59.9867,145.2788,12.0802,10.9121,131.2021,5.455
D_Alg12_OE_03,2.7402,0.5142,2.3902,0.2311,0.0047,0.0549,2.3881,3.3896,0.0861,0.0126,25.7313,8.5091,46.8914,0.0128,4.8012,6.0262,3.384,0.0533,0.0041,0.0071,0.0339,0.0203,4.251,0.2387,0.0525,8.1136,0.5354,2.7808,187.7398,1.2233,1.6644,2.4665,0.8686,0.9074,70.1511,0.0115,0.0038,0.0332,3.4346,62.0198,0.3963,1.0295,0.0653,0.0077,0.2075,0.0491,38.7441,0.71,0.0364,0.3173,2.2295,0.1735,1.0179,0.2962,266.7588,2.0986,0.5439,62.9895,0.7485,0.4131,0.8327,4.8731,113.4658,0.579,0.1065,0.2157,1.3212,626.3961,2.4156,0.4817,22.5468,771.4917,,0.9218,20.9824,80.7832,226.1702,18.8566,8.1573,178.176,6.0145
D_Alg12_OE_02,2.8189,0.595,3.0908,0.1441,0.0027,0.1053,2.2886,3.6878,0.3296,0.0092,27.2988,9.4704,47.5233,0.0043,3.9607,2.2572,5.1285,0.0075,0.005,0.0255,0.0465,0.0568,1.5335,1.0339,0.0395,8.916,0.356,2.7113,198.3628,0.3212,0.0871,3.2481,4.0528,0.2777,78.6808,0.0203,0.0075,0.0172,4.7805,88.2881,0.4267,0.2191,0.2641,0.0087,0.126,0.0242,24.3161,0.7977,0.0245,0.3319,1.4454,0.1461,1.829,0.4766,298.696,3.0221,0.4091,75.3842,0.7032,0.8885,1.3553,6.4209,124.5204,0.313,0.0788,0.243,1.3988,707.0231,3.4077,0.1091,21.1237,735.7308,,1.0212,22.9777,76.5629,225.9157,18.7202,19.9332,198.1434,6.0995
M_TFEB_OE_05,2.0622,0.1325,1.8214,0.0985,0.0064,0.0158,1.5225,0.9992,0.0551,0.0047,12.4302,4.421,44.3615,0.0118,1.0321,2.6671,1.0167,0.0708,0.007,0.0093,0.0636,0.0744,0.9826,1.562,0.0407,1.2304,0.115,0.1376,66.4396,0.6677,0.1104,0.0345,0.1387,0.8249,18.7817,0.0059,0.0145,0.3355,0.0582,11.5279,0.681,0.6613,0.2283,0.0274,0.0557,0.0059,14.2969,1.393,0.0021,0.2037,1.2059,0.1164,0.0003,0.0205,21.0837,0.1508,0.0905,2.7169,0.0429,0.0188,0.0363,0.2414,14.0713,0.0965,0.0619,0.021,0.4645,80.3855,0.0152,0.794,7.015,263.9404,,0.3487,4.8201,27.8328,63.3216,7.4636,0.3758,32.1776,1.3671
D_scramble_06,0.5773,0.3222,1.6799,0.0882,0.0017,0.0172,0.9503,13.5545,0.0825,0.0312,15.193,0.711,17.2175,0.0216,0.3308,0.5814,2.4009,0.0017,0.0051,0.0127,0.0249,0.0156,3.5159,2.8724,0.0095,19.6561,0.4854,3.5361,230.0973,3.1315,8.511,1.133,0.6253,0.8071,16.095,0.0197,0.0039,0.0454,12.7468,133.5735,0.3906,0.4569,0.0244,0.0008,0.0174,0.1427,57.8592,3.0859,0.0248,0.1879,1.1596,0.3959,2.2196,0.2458,276.2513,10.2867,0.2241,274.0272,0.083,2.9591,4.4667,24.8201,116.6641,0.4741,0.1986,3.2791,0.5526,1735.0282,9.084,0.2423,20.0866,1040.036,,0.6939,15.6514,28.9154,260.2563,15.1926,67.1492,239.8673,8.0943
D_scramble_05,0.4868,0.119,1.3141,0.0088,0.0043,0.0554,0.4502,9.8012,0.0529,0.0042,13.573,0.2082,15.4871,0.0034,1.2481,0.3585,2.1193,0.0092,0.0083,0.0308,0.0166,0.0141,1.6117,0.4775,0.0174,16.144,0.2353,0.9326,199.2209,1.7579,13.0879,0.903,0.8285,0.5696,15.0262,0.0069,0.0102,0.0644,13.0786,124.1509,0.3476,0.225,0.0578,0.0122,0.0098,0.137,39.4067,1.8656,0.0112,0.1191,0.6416,0.3007,2.2765,0.1012,201.4609,6.1027,0.1122,170.0113,0.1666,2.5683,3.0153,18.9207,81.5234,0.3099,0.1793,2.8661,0.1934,1423.4271,7.7258,0.164,22.6848,866.4802,,0.7334,14.4762,24.0888,191.4921,12.2365,83.5944,201.5207,8.7312
IS,0.0056,0.0006,0.0014,0.0013,0.002,0.0198,0.003,0.0017,0.0006,0.0001,0.0007,0.0113,0.0015,0.0567,0.0038,0.0095,0.0003,0.0243,0.0036,0.0001,0.008,0.0092,0.0206,0.0121,0.0051,0.007,0.0085,0.0068,0.0003,0.0002,0.003,0.0036,0.0134,0.0212,0.0063,0.0054,0.0001,0.0296,0.0066,0.0004,0.0281,0.0635,0.0081,0.0017,0.0009,0.0175,0.0014,0.0331,0.0175,0.001,0.0059,0.0127,0.0062,0.0077,0.0004,0.0001,0.0101,0.0264,0.04,0.0051,0.0083,0.0004,0.0116,0.0011,0.0441,0.0023,0.0114,0.0043,0.008,0.0048,0.0012,0.0685,,0.0017,0.0315,0.0023,0.0594,0.0242,0.0021,0.0091,0.0014
IS_02,0.0017,0.0016,0.0001,0.001,0.0044,0.2482,0.0023,0.0027,0.0026,0.0001,0.0116,0.0029,0.0145,0.0097,0.0015,0.0092,0.0002,0.0002,0.0005,0.0048,0.0125,0.0086,0.0064,0.0115,0.0008,0.0039,0.0075,0.0045,0.0043,0.01,0.0056,0.0004,0.0003,0.0158,0.008,0.0081,0.0005,0.003,0.0083,0.0047,0.002,0.0001,0.0064,0.0008,0.0008,0.0099,0.0176,0.017,0.0298,0.0238,0.014,0.0389,0.0151,0.0144,0.0197,0.0002,0.0009,0.0317,0.001,0.004,0.0161,0.0052,0.0155,0.005,0.0235,0.0019,0.0104,0.0052,0.0131,0.0035,0.0185,0.1695,,0.0016,0.0157,0.005,0.2109,0.0241,0.0007,0.0096,0.0033
IS_03,0.002,0.0009,0.0022,0.0031,0.0018,0.097,0.0013,0.0135,0.0003,0.0001,0.0147,0.0028,0.0004,0.0068,0.0128,0.0017,0.0037,0.0236,0.0115,0.0074,0.0063,0.006,0.0022,0.007,0.0009,0.0004,0.0025,0.0023,0.0019,0.0248,0.0047,0.0008,0.0002,0.0049,0.0074,0.0196,0.0005,0.0014,0.0035,0.0002,0.0282,0.021,0.0092,0.0003,0.0155,0.03,0.0091,0.0389,0.0112,0.0124,0.0003,0.0137,0.0126,0.0112,0.0007,0.0084,0.0021,0.0072,0.0004,0.0047,0.0039,0.0002,0.0031,0.0004,0.0259,0.0045,0.0169,0.0014,0.0034,0.0218,0.0038,0.0948,,0.0018,0.0022,0.0129,0.0659,0.012,0.0039,0.0033,0.0004
