Lipid,log2(FC),-log10(p),sig_FDR,diffexpressed,delabel,label,FC,p_val
ACar 14:0,1.598984459,2.8552,TRUE,UP,ACar 14:0,sig,3.0293,0.0014
ACar 16:0,0.88041126,2.8617,TRUE,UP,ACar 16:0,sig,1.8409,0.0014
ACar 18:0,0.490878146,1.6053,TRUE,UP,ACar 18:0,sig,1.4053,0.0248
ACar 18:1,0.40958102,2.2851,TRUE,UP,ACar 18:1,sig,1.3283,0.0052
ACar 18:2,1.121943734,2.3552,TRUE,UP,ACar 18:2,sig,2.1764,0.0044
ACar 20:1,-0.239055226,0.3393,FALSE,NO,NA,not,0.8473,0.4578
ACar 20:2,-0.17869796,0.2432,FALSE,NO,NA,not,0.8835,0.5712
ACar 20:4,1.166072676,2.2536,TRUE,UP,ACar 20:4,sig,2.244,0.0056
BMP 18:2_22:6,0.282973489,1.5512,TRUE,UP,BMP 18:2_22:6,sig,1.2167,0.0281
BMP 22:6_22:6,-0.349970759,0.8373,FALSE,NO,NA,not,0.7846,0.1454
Cer_NS d17:1_22:0,0.385044426,1.0981,TRUE,UP,Cer_NS d17:1_22:0,sig,1.3059,0.0798
Cer_NS d18:1_20:0,0.421694581,1.6029,TRUE,UP,Cer_NS d18:1_20:0,sig,1.3395,0.025
Cer_NS d18:1_22:0,0.310107409,1.4002,TRUE,UP,Cer_NS d18:1_22:0,sig,1.2398,0.0398
Cer_NS d18:1_22:1,0.148999163,0.2263,FALSE,NO,NA,not,1.1088,0.5939
Cer_NS d18:1_23:0,0.522055749,2.1974,TRUE,UP,Cer_NS d18:1_23:0,sig,1.436,0.0063
Cer_NS d18:1_24:0,0.354790649,1.71,TRUE,UP,Cer_NS d18:1_24:0,sig,1.2788,0.0195
Cer_NS d18:1_24:1,0.397802962,1.5271,TRUE,UP,Cer_NS d18:1_24:1,sig,1.3175,0.0297
Cer_NS d18:2_22:0,0.291014101,0.8822,TRUE,UP,Cer_NS d18:2_22:0,sig,1.2235,0.1312
Cer_NS d18:2_24:1,0.45785691,1.7355,TRUE,UP,Cer_NS d18:2_24:1,sig,1.3735,0.0184
Cer_NS d36:2,1.01720929,3.0209,TRUE,UP,Cer_NS d36:2,sig,2.024,0.001
Cer_NS d40:1,0.95836015,3.5596,TRUE,UP,Cer_NS d40:1,sig,1.9431,3.00E-04
Cer_NS d41:3,0.700528497,0.647,FALSE,NO,NA,not,1.6251,0.2254
Cer_NS d42:4,0.451857294,1.0064,TRUE,UP,Cer_NS d42:4,sig,1.3678,0.0985
Cer_NS d43:2,0.652784755,3.2182,TRUE,UP,Cer_NS d43:2,sig,1.5722,6.00E-04
CL 68:2,0.242328116,0.3792,FALSE,NO,NA,not,1.1829,0.4176
CL 68:3,0.162467868,0.1823,FALSE,NO,NA,not,1.1192,0.6572
CL 68:4,0.035905384,0.0638,FALSE,NO,NA,not,1.0252,0.8634
CL 68:5,-0.069451881,0.1363,FALSE,NO,NA,not,0.953,0.7306
CL 68:6,-0.116535582,0.2406,FALSE,NO,NA,not,0.9224,0.5746
CL 70:3,0.324234562,0.4157,FALSE,NO,NA,not,1.252,0.384
CL 70:4,0.311270591,0.4294,FALSE,NO,NA,not,1.2408,0.372
CL 70:5,0.037593076,0.08,FALSE,NO,NA,not,1.0264,0.8318
CL 70:5_2,0.215740713,0.3424,FALSE,NO,NA,not,1.1613,0.4546
CL 70:6,-0.090034933,0.2828,FALSE,NO,NA,not,0.9395,0.5214
CL 70:6_2,0.159500022,0.2706,FALSE,NO,NA,not,1.1169,0.5363
CL 70:7,0.015497569,0.0356,FALSE,NO,NA,not,1.0108,0.9213
CL 70:9,-0.129576094,0.3777,FALSE,NO,NA,not,0.9141,0.4191
CL 72:10,0.03885755,0.0764,FALSE,NO,NA,not,1.0273,0.8387
CL 72:5,0.250840334,0.3297,FALSE,NO,NA,not,1.1899,0.4681
CL 72:6,0.106884289,0.2414,FALSE,NO,NA,not,1.0769,0.5736
CL 72:7,-0.037710112,0.1009,FALSE,NO,NA,not,0.9742,0.7927
CL 72:8,0.10701825,0.3328,FALSE,NO,NA,not,1.077,0.4647
CL 72:9,0.077242999,0.1391,FALSE,NO,NA,not,1.055,0.7259
CL 72:9_2,0.111164889,0.165,FALSE,NO,NA,not,1.0801,0.6839
CL 74:10,0.005184376,0.0143,FALSE,NO,NA,not,1.0036,0.9676
CL 74:11,-0.114347549,0.3798,FALSE,NO,NA,not,0.9238,0.4171
CL 74:12,0.03801469,0.0665,FALSE,NO,NA,not,1.0267,0.858
CL 74:6,0.325040955,0.3891,FALSE,NO,NA,not,1.2527,0.4082
CL 74:7,0.207767938,0.4647,FALSE,NO,NA,not,1.1549,0.343
CL 74:8,0.175301034,0.3291,FALSE,NO,NA,not,1.1292,0.4687
CL 74:8_2,0.211012193,0.4301,FALSE,NO,NA,not,1.1575,0.3714
CL 74:9,-0.034603564,0.0633,FALSE,NO,NA,not,0.9763,0.8644
CL 74:9_2,0.01235413,0.0283,FALSE,NO,NA,not,1.0086,0.9369
CL 76:11,-0.130997235,0.1719,FALSE,NO,NA,not,0.9132,0.6731
CL 76:12,0.10017032,0.2007,FALSE,NO,NA,not,1.0719,0.6299
CL 76:13,0.144437998,0.2746,FALSE,NO,NA,not,1.1053,0.5314
DG 16:0_18:1,-0.939537512,1.1642,TRUE,DOWN,DG 16:0_18:1,sig,0.5214,0.0685
DG 16:0_18:2,-1.058893689,1.256,TRUE,DOWN,DG 16:0_18:2,sig,0.48,0.0555
DG 16:0_20:4,-1.975964065,1.4729,TRUE,DOWN,DG 16:0_20:4,sig,0.2542,0.0337
DG 16:0_22:6,-1.548353672,1.2031,TRUE,DOWN,DG 16:0_22:6,sig,0.3419,0.0626
DG 18:0_18:2,-0.972562817,0.9066,TRUE,DOWN,DG 18:0_18:2,sig,0.5096,0.124
DG 18:0_20:4,-1.46873084,0.7567,FALSE,NO,NA,not,0.3613,0.1751
DG 18:1_18:1,-0.662688523,0.871,TRUE,DOWN,DG 18:1_18:1,sig,0.6317,0.1346
DG 18:1_18:2,-0.738409011,0.9345,TRUE,DOWN,DG 18:1_18:2,sig,0.5994,0.1163
DG 18:2_18:2,-1.066427362,0.9374,TRUE,DOWN,DG 18:2_18:2,sig,0.4775,0.1155
DG 18:2_22:6,-1.120607897,0.8095,FALSE,NO,NA,not,0.4599,0.1551
EtherPC 16:0e_20:4,-0.121549297,0.4066,FALSE,NO,NA,not,0.9192,0.3921
EtherPC 18:0e_18:2,-0.071724438,0.0844,FALSE,NO,NA,not,0.9515,0.8234
EtherPC 18:0e_20:4,0.381947801,1.031,TRUE,UP,EtherPC 18:0e_20:4,sig,1.3031,0.0931
EtherPC 18:1e_16:0,0.131852846,0.3878,FALSE,NO,NA,not,1.0957,0.4094
EtherPC 18:1e_20:4,0.53565486,1.8267,TRUE,UP,EtherPC 18:1e_20:4,sig,1.4496,0.0149
EtherPC 24:0e,0.206518202,0.7096,FALSE,NO,NA,not,1.1539,0.1952
EtherPE 16:0e_18:2,0.074505436,0.0881,FALSE,NO,NA,not,1.053,0.8164
EtherPE 16:0e_20:4,-0.222127951,1.5372,TRUE,DOWN,EtherPE 16:0e_20:4,sig,0.8573,0.029
EtherPE 16:0e_22:4,0.188654118,0.1508,FALSE,NO,NA,not,1.1397,0.7066
EtherPE 16:0e_22:5,-2.147521676,0.4641,FALSE,NO,NA,not,0.2257,0.3435
EtherPE 16:0e_22:6,-0.390434132,0.1967,FALSE,NO,NA,not,0.7629,0.6358
EtherPE 16:1e_18:1,0.245739032,0.6511,FALSE,NO,NA,not,1.1857,0.2233
EtherPE 16:1e_20:3,1.025524968,0.6012,FALSE,NO,NA,not,2.0357,0.2505
EtherPE 16:1e_20:4,-0.201244386,0.8464,FALSE,NO,NA,not,0.8698,0.1424
EtherPE 16:1e_20:5,-0.171043524,0.4458,FALSE,NO,NA,not,0.8882,0.3583
EtherPE 16:1e_22:4,0.755742179,0.6071,FALSE,NO,NA,not,1.6885,0.2471
EtherPE 18:0e_18:1,-0.006796651,0.0131,FALSE,NO,NA,not,0.9953,0.9703
EtherPE 18:0e_18:2,0.702036896,1.1997,TRUE,UP,EtherPE 18:0e_18:2,sig,1.6268,0.0631
EtherPE 18:0e_20:1,0.254352163,0.5212,FALSE,NO,NA,not,1.1928,0.3012
EtherPE 18:0e_20:4,0.594166328,2.4402,TRUE,UP,EtherPE 18:0e_20:4,sig,1.5096,0.0036
EtherPE 18:0e_22:5,-0.567254341,0.4814,FALSE,NO,NA,not,0.6749,0.3301
EtherPE 18:1e_18:2,-0.035046947,0.0933,FALSE,NO,NA,not,0.976,0.8067
EtherPE 18:1e_20:1,0.360869904,0.4041,FALSE,NO,NA,not,1.2842,0.3944
EtherPE 18:1e_20:3,0.151858817,0.6069,FALSE,NO,NA,not,1.111,0.2472
EtherPE 18:1e_20:4,0.181293413,0.818,FALSE,NO,NA,not,1.1339,0.1521
EtherPE 18:1e_20:5,-0.009408127,0.0208,FALSE,NO,NA,not,0.9935,0.9532
EtherPE 18:1e_22:4,0.062950609,0.1492,FALSE,NO,NA,not,1.0446,0.7093
EtherPE 18:1e_22:5,-0.067485222,0.2434,FALSE,NO,NA,not,0.9543,0.571
EtherPE 18:1e_22:5_2,-0.028999139,0.1189,FALSE,NO,NA,not,0.9801,0.7605
EtherPE 18:1e_22:6,-0.002888279,0.0077,FALSE,NO,NA,not,0.998,0.9824
EtherPE 18:2e_18:1,-0.48096139,0.3481,FALSE,NO,NA,not,0.7165,0.4486
EtherPE 38:4e,0.257734802,0.6578,FALSE,NO,NA,not,1.1956,0.2199
EtherPE 38:6e,0.046141782,0.0666,FALSE,NO,NA,not,1.0325,0.8578
EtherPE 40:6e,7.21E-04,0.0011,FALSE,NO,NA,not,1.0005,0.9975
FA 16:0,0.177088602,0.5796,FALSE,NO,NA,not,1.1306,0.2633
FA 18:0,0.012211084,0.024,FALSE,NO,NA,not,1.0085,0.9462
FA 18:1,1.467227302,2.5406,TRUE,UP,FA 18:1,sig,2.7649,0.0029
FA 18:2,1.444349024,2.1231,TRUE,UP,FA 18:2,sig,2.7214,0.0075
FA 18:3,2.10882551,2.2653,TRUE,UP,FA 18:3,sig,4.3134,0.0054
FA 18:3_2,2.53925809,1.8793,TRUE,UP,FA 18:3_2,sig,5.8129,0.0132
FA 20:1,0.85646786,1.8401,TRUE,UP,FA 20:1,sig,1.8106,0.0145
FA 20:3,2.479411663,2.1658,TRUE,UP,FA 20:3,sig,5.5767,0.0068
FA 22:4,0.619553869,1.5171,TRUE,UP,FA 22:4,sig,1.5364,0.0304
FAHFA 16:0_18:2,0.143393419,0.3646,FALSE,NO,NA,not,1.1045,0.4319
FAHFA 16:0_2:0,-0.317067197,0.6759,FALSE,NO,NA,not,0.8027,0.2109
FAHFA 18:1_18:0,1.587028883,2.3076,TRUE,UP,FAHFA 18:1_18:0,sig,3.0043,0.0049
FAHFA 18:1_20:3,1.76951787,2.2929,TRUE,UP,FAHFA 18:1_20:3,sig,3.4094,0.0051
FAHFA 18:2_18:1,1.516317779,2.1694,TRUE,UP,FAHFA 18:2_18:1,sig,2.8606,0.0068
FAHFA 18:2_20:4,1.205329949,3.4419,TRUE,UP,FAHFA 18:2_20:4,sig,2.3059,4.00E-04
FAHFA 22:6_22:5,1.813524689,2.7366,TRUE,UP,FAHFA 22:6_22:5,sig,3.515,0.0018
GlcADG 16:0_22:6,-0.115910091,0.1346,FALSE,NO,NA,not,0.9228,0.7335
GM3 d42:2,0.193456366,0.4419,FALSE,NO,NA,not,1.1435,0.3615
HBMP 60:12,0.531967777,0.5299,FALSE,NO,NA,not,1.4459,0.2952
HBMP 62:13,0.545474211,1.0211,TRUE,UP,HBMP 62:13,sig,1.4595,0.0953
HexCer_NS d17:1_23:1,0.283092058,0.6961,FALSE,NO,NA,not,1.2168,0.2013
HexCer_NS d18:1_20:0,0.149389449,0.306,FALSE,NO,NA,not,1.1091,0.4943
HexCer_NS d18:1_21:0,-0.067636409,0.1277,FALSE,NO,NA,not,0.9542,0.7452
HexCer_NS d18:1_22:0,-0.012315322,0.0284,FALSE,NO,NA,not,0.9915,0.9367
HexCer_NS d18:1_24:2,-0.189022283,0.4494,FALSE,NO,NA,not,0.8772,0.3553
HexCer_NS d18:2_22:0,0.176195095,0.492,FALSE,NO,NA,not,1.1299,0.3221
HexCer_NS d34:1,0.091395186,0.3958,FALSE,NO,NA,not,1.0654,0.402
HexCer_NS d40:1,0.011924948,0.0241,FALSE,NO,NA,not,1.0083,0.946
HexCer_NS d40:2,0.27727066,0.5148,FALSE,NO,NA,not,1.2119,0.3056
HexCer_NS d41:1,-0.602306545,1.0628,TRUE,DOWN,HexCer_NS d41:1,sig,0.6587,0.0865
HexCer_NS d41:2,0.170053235,0.48,FALSE,NO,NA,not,1.1251,0.3311
HexCer_NS d42:1,-0.041565605,0.1169,FALSE,NO,NA,not,0.9716,0.764
HexCer_NS d42:2,0.020768865,0.0446,FALSE,NO,NA,not,1.0145,0.9024
HexCer_NS d43:1,0.13920752,0.2668,FALSE,NO,NA,not,1.1013,0.541
LPA 16:0,0.745710622,1.6019,TRUE,UP,LPA 16:0,sig,1.6768,0.025
LPC 0:0/16:0,0.068602027,0.1188,FALSE,NO,NA,not,1.0487,0.7607
LPC 0:0/18:0,0.045442971,0.096,FALSE,NO,NA,not,1.032,0.8017
LPC 0:0/18:1,0.341416524,0.6343,FALSE,NO,NA,not,1.267,0.2321
LPC 0:0/18:2,0.350044566,0.8006,FALSE,NO,NA,not,1.2746,0.1583
LPC 0:0/20:3,-0.064615689,0.0738,FALSE,NO,NA,not,0.9562,0.8437
LPC 0:0/20:4,0.243912759,0.4207,FALSE,NO,NA,not,1.1842,0.3796
LPC 0:0/20:5,0.150949541,0.3245,FALSE,NO,NA,not,1.1103,0.4737
LPC 0:0/22:6,0.257493448,0.5091,FALSE,NO,NA,not,1.1954,0.3097
LPC 14:0/0:0,0.727267011,2.5752,TRUE,UP,LPC 14:0/0:0,sig,1.6555,0.0027
LPC 15:0/0:0,0.548337976,1.8568,TRUE,UP,LPC 15:0/0:0,sig,1.4624,0.0139
LPC 16:0/0:0,0.13066734,0.2299,FALSE,NO,NA,not,1.0948,0.589
LPC 16:0/0:0_2,0.15704371,0.7611,FALSE,NO,NA,not,1.115,0.1733
LPC 16:1/0:0,0.680324357,1.6675,TRUE,UP,LPC 16:1/0:0,sig,1.6025,0.0215
LPC 17:0/0:0,0.120750053,0.3714,FALSE,NO,NA,not,1.0873,0.4252
LPC 17:1/0:0,0.549225575,1.3562,TRUE,UP,LPC 17:1/0:0,sig,1.4633,0.044
LPC 18:0/0:0,0.218471211,0.6336,FALSE,NO,NA,not,1.1635,0.2325
LPC 18:1/0:0,0.256406854,0.6847,FALSE,NO,NA,not,1.1945,0.2067
LPC 18:2/0:0,0.39429462,1.159,TRUE,UP,LPC 18:2/0:0,sig,1.3143,0.0693
LPC 18:2/0:0_2,0.510658162,2.5416,TRUE,UP,LPC 18:2/0:0_2,sig,1.4247,0.0029
LPC 18:3/0:0,0.431141535,1.3784,TRUE,UP,LPC 18:3/0:0,sig,1.3483,0.0418
LPC 19:0/0:0,0.179001399,0.4609,FALSE,NO,NA,not,1.1321,0.346
LPC 20:0/0:0,0.597316631,1.4822,TRUE,UP,LPC 20:0/0:0,sig,1.5129,0.0329
LPC 20:1/0:0,0.571337027,2.4424,TRUE,UP,LPC 20:1/0:0,sig,1.4859,0.0036
LPC 20:2/0:0,0.320542442,1.0197,TRUE,UP,LPC 20:2/0:0,sig,1.2488,0.0956
LPC 20:3/0:0,-0.072331059,0.092,FALSE,NO,NA,not,0.9511,0.8091
LPC 20:3/0:0_2,-0.142098604,0.1902,FALSE,NO,NA,not,0.9062,0.6454
LPC 20:4/0:0,0.298892881,0.7855,FALSE,NO,NA,not,1.2302,0.1639
LPC 20:5/0:0,1.222062625,2.6292,TRUE,UP,LPC 20:5/0:0,sig,2.3328,0.0023
LPC 22:0/0:0,0.407733431,1.3606,TRUE,UP,LPC 22:0/0:0,sig,1.3266,0.0436
LPC 22:1/0:0,1.114100452,1.8045,TRUE,UP,LPC 22:1/0:0,sig,2.1646,0.0157
LPC 22:5/0:0,0.510759422,1.5001,TRUE,UP,LPC 22:5/0:0,sig,1.4248,0.0316
LPC 22:6/0:0,0.282854909,0.705,FALSE,NO,NA,not,1.2166,0.1972
LPC 22:6/0:0_2,0.540324906,1.8239,TRUE,UP,LPC 22:6/0:0_2,sig,1.4543,0.015
LPC 24:0/0:0,0.265196827,1.1933,TRUE,UP,LPC 24:0/0:0,sig,1.2018,0.0641
LPE 16:0,0.194591403,0.6287,FALSE,NO,NA,not,1.1444,0.2351
LPE 16:1,0.404140166,0.6773,FALSE,NO,NA,not,1.3233,0.2102
LPE 17:0,0.53116933,2.2728,TRUE,UP,LPE 17:0,sig,1.4451,0.0053
LPE 18:0,0.821546959,2.5856,TRUE,UP,LPE 18:0,sig,1.7673,0.0026
LPE 18:1,0.117960953,0.3216,FALSE,NO,NA,not,1.0852,0.4769
LPE 18:2,0.932287992,3.0488,TRUE,UP,LPE 18:2,sig,1.9083,9.00E-04
LPE 18:2_2,0.755998484,3.0827,TRUE,UP,LPE 18:2_2,sig,1.6888,8.00E-04
LPE 18:3,0.01720929,0.0123,FALSE,NO,NA,not,1.012,0.9721
LPE 19:0,0.611266825,1.4014,TRUE,UP,LPE 19:0,sig,1.5276,0.0397
LPE 20:0,0.6332917,1.3402,TRUE,UP,LPE 20:0,sig,1.5511,0.0457
LPE 20:2,5.77E-04,0.0013,FALSE,NO,NA,not,1.0004,0.997
LPE 20:3,0.464668267,1.9887,TRUE,UP,LPE 20:3,sig,1.38,0.0103
LPE 20:4,1.090379227,2.5142,TRUE,UP,LPE 20:4,sig,2.1293,0.0031
LPE 20:4_2,0.49865936,1.9484,TRUE,UP,LPE 20:4_2,sig,1.4129,0.0113
LPE 22:6,0.598555773,3.05,TRUE,UP,LPE 22:6,sig,1.5142,9.00E-04
LPE 22:6_2,0.804053559,2.4757,TRUE,UP,LPE 22:6_2,sig,1.746,0.0033
LPG 16:0,0.289480386,0.3118,FALSE,NO,NA,not,1.2222,0.4878
LPG 18:0,-0.863021188,0.7302,FALSE,NO,NA,not,0.5498,0.1861
LPG 18:1,0.441908364,1.8301,TRUE,UP,LPG 18:1,sig,1.3584,0.0148
LPG 18:2,0.789687524,2.3164,TRUE,UP,LPG 18:2,sig,1.7287,0.0048
LPG 20:4,0.164013889,0.3552,FALSE,NO,NA,not,1.1204,0.4414
LPG 22:6,-0.422559087,0.6796,FALSE,NO,NA,not,0.7461,0.2091
LPG 22:6_2,0.771801084,2.2973,TRUE,UP,LPG 22:6_2,sig,1.7074,0.005
LPI 16:0,0.522758841,1.7911,TRUE,UP,LPI 16:0,sig,1.4367,0.0162
LPI 17:0,0.432745659,0.5892,FALSE,NO,NA,not,1.3498,0.2575
LPI 18:0,1.148869044,3.5068,TRUE,UP,LPI 18:0,sig,2.2174,3.00E-04
LPI 18:1,0.640898521,1.964,TRUE,UP,LPI 18:1,sig,1.5593,0.0109
LPI 18:2,1.298306396,2.8125,TRUE,UP,LPI 18:2,sig,2.4594,0.0015
LPI 19:0,1.38355224,3.899,TRUE,UP,LPI 19:0,sig,2.6091,1.00E-04
LPI 20:0,1.385375813,2.4051,TRUE,UP,LPI 20:0,sig,2.6124,0.0039
LPI 20:3,0.716420286,1.7125,TRUE,UP,LPI 20:3,sig,1.6431,0.0194
LPI 20:4,1.157173094,3.5952,TRUE,UP,LPI 20:4,sig,2.2302,3.00E-04
LPI 22:5,0.73092249,1.976,TRUE,UP,LPI 22:5,sig,1.6597,0.0106
LPI 22:6,0.800993057,1.5642,TRUE,UP,LPI 22:6,sig,1.7423,0.0273
LPS 16:0,1.889668225,1.4864,TRUE,UP,LPS 16:0,sig,3.7055,0.0326
LPS 18:0,0.444879056,0.6428,FALSE,NO,NA,not,1.3612,0.2276
LPS 20:3,0.44911232,0.5272,FALSE,NO,NA,not,1.3652,0.297
LPS 20:4,0.412618959,0.5707,FALSE,NO,NA,not,1.3311,0.2687
LPS 22:6,1.133497768,1.2824,TRUE,UP,LPS 22:6,sig,2.1939,0.0522
OxPC 18:0_20:3+1O,-0.067938829,0.243,FALSE,NO,NA,not,0.954,0.5715
OxPI 18:1_20:3+1O,-0.354759487,2.0381,TRUE,DOWN,OxPI 18:1_20:3+1O,sig,0.782,0.0092
PA 16:0_18:1,-0.213069139,0.3002,FALSE,NO,NA,not,0.8627,0.501
PA 16:0_18:1_2,-0.027969116,0.0404,FALSE,NO,NA,not,0.9808,0.9112
PA 16:0_18:2,0.377512488,0.7806,FALSE,NO,NA,not,1.2991,0.1657
PA 16:0_18:2_2,0.89569039,1.1028,TRUE,UP,PA 16:0_18:2_2,sig,1.8605,0.0789
PA 18:2_18:2,0.390777727,0.4616,FALSE,NO,NA,not,1.3111,0.3455
PC 14:0_16:0,-0.096807439,0.323,FALSE,NO,NA,not,0.9351,0.4753
PC 14:0_18:2,0.398459827,1.0841,TRUE,UP,PC 14:0_18:2,sig,1.3181,0.0824
PC 14:0_18:3,0.712815854,0.969,TRUE,UP,PC 14:0_18:3,sig,1.639,0.1074
PC 14:0_20:4,0.451013243,2.3569,TRUE,UP,PC 14:0_20:4,sig,1.367,0.0044
PC 14:0_22:6,0.45438649,1.8598,TRUE,UP,PC 14:0_22:6,sig,1.3702,0.0138
PC 15:0_18:2,0.44105847,1.1565,TRUE,UP,PC 15:0_18:2,sig,1.3576,0.0697
PC 15:0_20:4,0.161565256,0.5093,FALSE,NO,NA,not,1.1185,0.3095
PC 15:0_22:6,-0.019609044,0.0689,FALSE,NO,NA,not,0.9865,0.8533
PC 16:0_16:0,-0.005927209,0.0197,FALSE,NO,NA,not,0.9959,0.9557
PC 16:0_16:1,0.430820497,1.5818,TRUE,UP,PC 16:0_16:1,sig,1.348,0.0262
PC 16:0_17:0,0.345169251,1.2004,TRUE,UP,PC 16:0_17:0,sig,1.2703,0.063
PC 16:0_17:1,0.293252756,0.4335,FALSE,NO,NA,not,1.2254,0.3686
PC 16:0_18:0,0.155619721,0.5819,FALSE,NO,NA,not,1.1139,0.2619
PC 16:0_18:1,0.200629898,0.8081,FALSE,NO,NA,not,1.1492,0.1556
PC 16:0_18:2,0.024177814,0.0971,FALSE,NO,NA,not,1.0169,0.7997
PC 16:0_18:3,-0.241782116,0.6033,FALSE,NO,NA,not,0.8457,0.2493
PC 16:0_18:3_2,0.779217689,2.442,TRUE,UP,PC 16:0_18:3_2,sig,1.7162,0.0036
PC 16:0_19:1,0.462680579,1.1814,TRUE,UP,PC 16:0_19:1,sig,1.3781,0.0659
PC 16:0_20:3,0.111699072,0.1893,FALSE,NO,NA,not,1.0805,0.6467
PC 16:0_20:4,-0.009553348,0.03,FALSE,NO,NA,not,0.9934,0.9333
PC 16:0_20:5,-0.342634384,0.8223,FALSE,NO,NA,not,0.7886,0.1506
PC 16:0_22:4,0.083383588,0.1666,FALSE,NO,NA,not,1.0595,0.6814
PC 16:0_22:6,0.064882852,0.3246,FALSE,NO,NA,not,1.046,0.4736
PC 16:1_16:1,0.946955387,1.803,TRUE,UP,PC 16:1_16:1,sig,1.9278,0.0157
PC 16:1_18:1,0.887057294,2.3071,TRUE,UP,PC 16:1_18:1,sig,1.8494,0.0049
PC 16:1_18:2,0.814263291,2.5821,TRUE,UP,PC 16:1_18:2,sig,1.7584,0.0026
PC 16:1_18:3,0.358508792,0.9648,TRUE,UP,PC 16:1_18:3,sig,1.2821,0.1084
PC 16:1_18:3_2,0.339821505,0.6212,FALSE,NO,NA,not,1.2656,0.2392
PC 16:1_20:4,0.210762894,0.8416,FALSE,NO,NA,not,1.1573,0.144
PC 16:1_20:5,1.153351383,0.3868,FALSE,NO,NA,not,2.2243,0.4104
PC 16:1_22:6,0.358283723,0.9406,TRUE,UP,PC 16:1_22:6,sig,1.2819,0.1147
PC 17:0_18:1,0.167100969,0.3883,FALSE,NO,NA,not,1.1228,0.409
PC 17:0_18:1_2,0.424599662,0.3758,FALSE,NO,NA,not,1.3422,0.4209
PC 17:0_18:2,0.158724796,0.4103,FALSE,NO,NA,not,1.1163,0.3888
PC 17:0_18:2_2,0.0739573,0.302,FALSE,NO,NA,not,1.0526,0.4989
PC 17:0_20:3,-0.754869469,0.3311,FALSE,NO,NA,not,0.5926,0.4666
PC 17:0_20:4,0.152767519,0.2911,FALSE,NO,NA,not,1.1117,0.5116
PC 17:0_20:4_2,0.043904394,0.0898,FALSE,NO,NA,not,1.0309,0.8132
PC 17:0_22:6,-0.020779469,0.0635,FALSE,NO,NA,not,0.9857,0.864
PC 17:1_18:2,0.521854803,0.7319,FALSE,NO,NA,not,1.4358,0.1854
PC 17:1_20:4,-0.24793653,1.255,TRUE,DOWN,PC 17:1_20:4,sig,0.8421,0.0556
PC 17:1_22:6,0.0739573,0.1133,FALSE,NO,NA,not,1.0526,0.7704
PC 17:2_18:2,1.651545425,0.9908,TRUE,UP,PC 17:2_18:2,sig,3.1417,0.1021
PC 18:0_18:0,0.057138304,0.0311,FALSE,NO,NA,not,1.0404,0.9309
PC 18:0_18:1,0.56774013,1.9009,TRUE,UP,PC 18:0_18:1,sig,1.4822,0.0126
PC 18:0_18:2,0.138814469,0.7834,FALSE,NO,NA,not,1.101,0.1647
PC 18:0_18:2_2,-0.209561572,0.5158,FALSE,NO,NA,not,0.8648,0.3049
PC 18:0_20:1,0.053945425,0.2894,FALSE,NO,NA,not,1.0381,0.5136
PC 18:0_20:3,0.10648233,0.2563,FALSE,NO,NA,not,1.0766,0.5542
PC 18:0_20:3_2,-0.628608416,0.1332,FALSE,NO,NA,not,0.6468,0.7359
PC 18:0_20:4,0.125651102,0.5718,FALSE,NO,NA,not,1.091,0.268
PC 18:0_20:5,-0.076584559,0.2125,FALSE,NO,NA,not,0.9483,0.6131
PC 18:0_22:4,0.167871708,1.0074,TRUE,UP,PC 18:0_22:4,sig,1.1234,0.0983
PC 18:0_22:5,0.27524549,1.659,TRUE,UP,PC 18:0_22:5,sig,1.2102,0.0219
PC 18:0_22:6,0.373174891,1.9939,TRUE,UP,PC 18:0_22:6,sig,1.2952,0.0101
PC 18:0_22:6_2,0.466131129,2.0522,TRUE,UP,PC 18:0_22:6_2,sig,1.3814,0.0089
PC 18:1_18:1,0.47019844,1.9312,TRUE,UP,PC 18:1_18:1,sig,1.3853,0.0117
PC 18:1_18:2,-0.044836012,0.2806,FALSE,NO,NA,not,0.9694,0.5241
PC 18:1_19:1,0.207643013,0.3293,FALSE,NO,NA,not,1.1548,0.4685
PC 18:1_20:1,0.378511623,0.6987,FALSE,NO,NA,not,1.3,0.2001
PC 18:1_20:3,-0.234125836,0.4471,FALSE,NO,NA,not,0.8502,0.3572
PC 18:1_20:4,0.05088474,0.2263,FALSE,NO,NA,not,1.0359,0.5939
PC 18:1_22:5,0.804384035,1.5806,TRUE,UP,PC 18:1_22:5,sig,1.7464,0.0263
PC 18:1_22:6,-0.122962549,0.3516,FALSE,NO,NA,not,0.9183,0.445
PC 18:2_18:2,0.439037963,1.6499,TRUE,UP,PC 18:2_18:2,sig,1.3557,0.0224
PC 18:2_18:3,0.291249913,2.25,TRUE,UP,PC 18:2_18:3,sig,1.2237,0.0056
PC 18:2_18:3_2,0.480678739,1.4567,TRUE,UP,PC 18:2_18:3_2,sig,1.3954,0.0349
PC 18:2_18:4,0.671293372,1.8244,TRUE,UP,PC 18:2_18:4,sig,1.5925,0.015
PC 18:2_20:4,0.04851521,0.0906,FALSE,NO,NA,not,1.0342,0.8117
PC 18:2_22:5,0.071762669,0.3745,FALSE,NO,NA,not,1.051,0.4222
PC 18:2_22:6,0.029417547,0.0565,FALSE,NO,NA,not,1.0206,0.878
PC 18:3_18:3,0.63254742,1.9,TRUE,UP,PC 18:3_18:3,sig,1.5503,0.0126
PC 18:3_20:4,-0.083446923,0.1721,FALSE,NO,NA,not,0.9438,0.6728
PC 18:3_20:5,-0.293005384,0.5358,FALSE,NO,NA,not,0.8162,0.2912
PC 18:3_22:6,-0.05574124,0.1105,FALSE,NO,NA,not,0.9621,0.7754
PC 18:4_22:6,-0.262572817,0.6943,FALSE,NO,NA,not,0.8336,0.2022
PC 19:0_18:1,0.3887957,0.1663,FALSE,NO,NA,not,1.3093,0.6819
PC 19:0_18:2,0.175428791,0.7514,FALSE,NO,NA,not,1.1293,0.1773
PC 19:0_18:2_2,0.200127654,0.685,FALSE,NO,NA,not,1.1488,0.2065
PC 19:0_20:4,0.444136957,1.524,TRUE,UP,PC 19:0_20:4,sig,1.3605,0.0299
PC 19:0_22:6,0.349931373,1.6378,TRUE,UP,PC 19:0_22:6,sig,1.2745,0.023
PC 20:0_18:2,0.031536353,0.0904,FALSE,NO,NA,not,1.0221,0.8121
PC 20:0_20:3,-0.271078173,0.243,FALSE,NO,NA,not,0.8287,0.5715
PC 20:0_20:4,0.056583528,0.1235,FALSE,NO,NA,not,1.04,0.7525
PC 20:0_22:6,0.089633736,0.175,FALSE,NO,NA,not,1.0641,0.6683
PC 20:1_18:2,0.040401515,0.0934,FALSE,NO,NA,not,1.0284,0.8065
PC 20:1_22:6,-0.16197605,0.4043,FALSE,NO,NA,not,0.8938,0.3942
PC 20:2_22:6,-0.150721267,0.1583,FALSE,NO,NA,not,0.9008,0.6945
PC 20:3_20:4,-0.143213454,0.2291,FALSE,NO,NA,not,0.9055,0.5901
PC 20:4_22:5,0.083655897,0.0899,FALSE,NO,NA,not,1.0597,0.813
PC 20:4_22:6,-0.099432628,0.1858,FALSE,NO,NA,not,0.9334,0.6519
PC 20:5_22:6,-0.326986385,1.1418,TRUE,DOWN,PC 20:5_22:6,sig,0.7972,0.0721
PC 22:6_22:6,-0.297253814,0.3807,FALSE,NO,NA,not,0.8138,0.4162
PC 31:0,0.330214177,1.391,TRUE,UP,PC 31:0,sig,1.2572,0.0406
PC 33:1,0.486559928,2.5667,TRUE,UP,PC 33:1,sig,1.4011,0.0027
PC 34:4,0.439463568,1.7561,TRUE,UP,PC 34:4,sig,1.3561,0.0175
PC 35:4,0.294664856,0.9854,TRUE,UP,PC 35:4,sig,1.2266,0.1034
PC 35:7,0.325156118,1.5695,TRUE,UP,PC 35:7,sig,1.2528,0.0269
PC 36:6,0.688851744,1.9617,TRUE,UP,PC 36:6,sig,1.612,0.0109
PC 37:5,0.138290234,0.1227,FALSE,NO,NA,not,1.1006,0.7539
PC 38:2,-0.029735321,0.064,FALSE,NO,NA,not,0.9796,0.863
PC 38:3,-0.056491199,0.0598,FALSE,NO,NA,not,0.9616,0.8714
PC 38:4,0.009060468,0.0217,FALSE,NO,NA,not,1.0063,0.9513
PC 38:7,-0.004479301,0.0137,FALSE,NO,NA,not,0.9969,0.9689
PC 38:7_2,0.173383321,0.2468,FALSE,NO,NA,not,1.1277,0.5665
PC 38:8,-0.042159673,0.0534,FALSE,NO,NA,not,0.9712,0.8843
PC 39:6,0.116231661,0.2153,FALSE,NO,NA,not,1.0839,0.6091
PC 40:4,0.489440176,2.0404,TRUE,UP,PC 40:4,sig,1.4039,0.0091
PC 40:5,-0.234634992,0.4022,FALSE,NO,NA,not,0.8499,0.3961
PC 40:7,-0.151041617,0.2499,FALSE,NO,NA,not,0.9006,0.5625
PC 40:9,0.025028794,0.042,FALSE,NO,NA,not,1.0175,0.9078
PE 14:0_22:6,0.049212535,0.0849,FALSE,NO,NA,not,1.0347,0.8224
PE 15:0_22:6,0.098554307,0.1333,FALSE,NO,NA,not,1.0707,0.7357
PE 16:0_16:1,-0.149920704,0.4529,FALSE,NO,NA,not,0.9013,0.3525
PE 16:0_18:0,0.759070591,1.625,TRUE,UP,PE 16:0_18:0,sig,1.6924,0.0237
PE 16:0_18:1,0.679784089,1.2022,TRUE,UP,PE 16:0_18:1,sig,1.6019,0.0628
PE 16:0_18:2,0.253989266,0.8024,FALSE,NO,NA,not,1.1925,0.1576
PE 16:0_18:3,0.227124934,0.9177,TRUE,UP,PE 16:0_18:3,sig,1.1705,0.1209
PE 16:0_18:3_2,-0.094033025,0.3439,FALSE,NO,NA,not,0.9369,0.453
PE 16:0_20:3,-0.059645288,0.2371,FALSE,NO,NA,not,0.9595,0.5793
PE 16:0_20:3_2,0.042784398,0.1415,FALSE,NO,NA,not,1.0301,0.7219
PE 16:0_20:4,-0.02356304,0.1613,FALSE,NO,NA,not,0.9838,0.6898
PE 16:0_20:5,-0.265517978,1.1695,TRUE,DOWN,PE 16:0_20:5,sig,0.8319,0.0677
PE 16:0_22:6,-0.067031758,0.2274,FALSE,NO,NA,not,0.9546,0.5924
PE 16:1_18:2,0.457961944,1.6598,TRUE,UP,PE 16:1_18:2,sig,1.3736,0.0219
PE 16:1_18:3,0.978927776,1.1043,TRUE,UP,PE 16:1_18:3,sig,1.971,0.0787
PE 16:1_20:4,0.809167457,2.3251,TRUE,UP,PE 16:1_20:4,sig,1.7522,0.0047
PE 16:1_20:5,-0.132419778,0.2181,FALSE,NO,NA,not,0.9123,0.6052
PE 16:1_22:6,0.043904394,0.1681,FALSE,NO,NA,not,1.0309,0.679
PE 17:0_18:1,-0.094495057,0.2083,FALSE,NO,NA,not,0.9366,0.619
PE 17:0_18:2,0.313942357,0.6012,FALSE,NO,NA,not,1.2431,0.2505
PE 17:0_18:2_2,0.049770152,0.149,FALSE,NO,NA,not,1.0351,0.7096
PE 17:0_20:3,0.266876472,0.2942,FALSE,NO,NA,not,1.2032,0.5079
PE 17:0_20:4,-0.036229969,0.1177,FALSE,NO,NA,not,0.9752,0.7626
PE 17:0_22:6,0.224040274,0.2506,FALSE,NO,NA,not,1.168,0.5616
PE 17:1_20:4,-0.118257082,0.1868,FALSE,NO,NA,not,0.9213,0.6504
PE 17:1_22:6,1.538438835,0.8094,FALSE,NO,NA,not,2.9048,0.1551
PE 18:0_18:1,0.668573016,2.1723,TRUE,UP,PE 18:0_18:1,sig,1.5895,0.0067
PE 18:0_18:2,0.151339301,0.5152,FALSE,NO,NA,not,1.1106,0.3054
PE 18:0_20:1,0.008630305,0.0333,FALSE,NO,NA,not,1.006,0.9262
PE 18:0_20:3,0.085016673,0.1693,FALSE,NO,NA,not,1.0607,0.6772
PE 18:0_20:3_2,-0.046176046,0.3419,FALSE,NO,NA,not,0.9685,0.4551
PE 18:0_20:4,0.09328973,0.5698,FALSE,NO,NA,not,1.0668,0.2693
PE 18:0_20:4_2,0.099093179,0.1206,FALSE,NO,NA,not,1.0711,0.7575
PE 18:0_20:5,-0.2187662,0.9088,TRUE,DOWN,PE 18:0_20:5,sig,0.8593,0.1234
PE 18:0_22:4,-0.01377112,0.0425,FALSE,NO,NA,not,0.9905,0.9068
PE 18:0_22:5,-0.064917477,0.118,FALSE,NO,NA,not,0.956,0.7621
PE 18:0_22:5_2,-0.184260638,0.7292,FALSE,NO,NA,not,0.8801,0.1866
PE 18:0_22:6,0.063640993,0.3057,FALSE,NO,NA,not,1.0451,0.4947
PE 18:0_22:6_2,-0.03948829,0.0776,FALSE,NO,NA,not,0.973,0.8364
PE 18:1_18:2,0.351854439,0.9646,TRUE,UP,PE 18:1_18:2,sig,1.2762,0.1085
PE 18:1_20:1,0.273814245,0.5556,FALSE,NO,NA,not,1.209,0.2782
PE 18:1_20:3,-0.164237581,0.4769,FALSE,NO,NA,not,0.8924,0.3335
PE 18:1_20:4,0.216361735,0.839,FALSE,NO,NA,not,1.1618,0.1449
PE 18:1_20:5,-0.445558495,2.2628,TRUE,DOWN,PE 18:1_20:5,sig,0.7343,0.0055
PE 18:1_22:5,-0.956235558,1.3201,TRUE,DOWN,PE 18:1_22:5,sig,0.5154,0.0479
PE 18:1_22:6,-0.044687197,0.0906,FALSE,NO,NA,not,0.9695,0.8117
PE 18:2_18:2,0.581881464,2.0506,TRUE,UP,PE 18:2_18:2,sig,1.4968,0.0089
PE 18:2_18:3,0.448372395,3.4974,TRUE,UP,PE 18:2_18:3,sig,1.3645,3.00E-04
PE 18:2_18:3_2,0.611266825,1.496,TRUE,UP,PE 18:2_18:3_2,sig,1.5276,0.0319
PE 18:2_18:4,0.422986451,0.5623,FALSE,NO,NA,not,1.3407,0.274
PE 18:2_20:4,0.36109457,1.4624,TRUE,UP,PE 18:2_20:4,sig,1.2844,0.0345
PE 18:2_22:5,-1.834441746,1.6554,TRUE,DOWN,PE 18:2_22:5,sig,0.2804,0.0221
PE 18:2_22:6,0.013926706,0.0216,FALSE,NO,NA,not,1.0097,0.9515
PE 18:2_22:6_2,-0.264304536,1.9498,TRUE,DOWN,PE 18:2_22:6_2,sig,0.8326,0.0112
PE 18:3_18:3,0.80182086,2.0424,TRUE,UP,PE 18:3_18:3,sig,1.7433,0.0091
PE 18:3_20:4,-0.251195309,0.5704,FALSE,NO,NA,not,0.8402,0.2689
PE 18:3_22:6,-0.218598318,0.5414,FALSE,NO,NA,not,0.8594,0.2875
PE 18:4_20:4,0.325961996,0.288,FALSE,NO,NA,not,1.2535,0.5152
PE 18:4_22:6,0.055612157,0.0681,FALSE,NO,NA,not,1.0393,0.8549
PE 19:0_18:2,0.33433944,0.7561,FALSE,NO,NA,not,1.2608,0.1753
PE 19:0_18:2_2,0.340847077,1.464,TRUE,UP,PE 19:0_18:2_2,sig,1.2665,0.0344
PE 19:0_20:4,0.268194823,0.923,TRUE,UP,PE 19:0_20:4,sig,1.2043,0.1194
PE 19:0_20:4_2,0.061983516,0.2543,FALSE,NO,NA,not,1.0439,0.5568
PE 19:0_22:6,0.055612157,0.1708,FALSE,NO,NA,not,1.0393,0.6748
PE 20:0_18:2,-0.341719955,0.6078,FALSE,NO,NA,not,0.7891,0.2467
PE 20:0_20:3,0.549225575,1.6678,TRUE,UP,PE 20:0_20:3,sig,1.4633,0.0215
PE 20:0_20:4,-0.061902439,0.1199,FALSE,NO,NA,not,0.958,0.7588
PE 20:0_22:6,-0.323191006,0.7883,FALSE,NO,NA,not,0.7993,0.1628
PE 20:1_20:4,-0.833413086,1.632,TRUE,DOWN,PE 20:1_20:4,sig,0.5612,0.0233
PE 20:1_22:6,-0.674613585,0.3354,FALSE,NO,NA,not,0.6265,0.462
PE 20:2_22:6,-0.810713093,2.168,TRUE,DOWN,PE 20:2_22:6,sig,0.5701,0.0068
PE 20:3_22:6,-0.250851933,2.7788,TRUE,DOWN,PE 20:3_22:6,sig,0.8404,0.0017
PE 20:4_22:6,-0.158107368,0.3559,FALSE,NO,NA,not,0.8962,0.4407
PE 20:4_22:6_2,-0.103146927,0.1973,FALSE,NO,NA,not,0.931,0.6349
PE 20:5_22:6,-0.291415443,0.8434,FALSE,NO,NA,not,0.8171,0.1434
PE 22:0_20:4,0.121811151,0.0821,FALSE,NO,NA,not,1.0881,0.8278
PE 22:1_20:4,-0.127683414,0.3637,FALSE,NO,NA,not,0.9153,0.4328
PE 22:6_22:6,-0.600993014,2.6155,TRUE,DOWN,PE 22:6_22:6,sig,0.6593,0.0024
PE 36:2,0.615133758,0.7121,FALSE,NO,NA,not,1.5317,0.194
PE 36:3,0.051859299,0.2519,FALSE,NO,NA,not,1.0366,0.5599
PE 37:1,0.399772661,0.217,FALSE,NO,NA,not,1.3193,0.6067
PE 38:7,0.163498732,0.2809,FALSE,NO,NA,not,1.12,0.5237
PE 39:7,0.193204014,0.3886,FALSE,NO,NA,not,1.1433,0.4087
PE 40:7,0.065434446,0.5396,FALSE,NO,NA,not,1.0464,0.2887
PE 40:8,0.137896932,0.6581,FALSE,NO,NA,not,1.1003,0.2197
PE 40:9,-0.042456799,0.1025,FALSE,NO,NA,not,0.971,0.7898
PE 40:9_2,-0.094495057,0.2052,FALSE,NO,NA,not,0.9366,0.6234
PE 42:10,-0.02782203,0.0403,FALSE,NO,NA,not,0.9809,0.9114
PE 42:9,0.147046143,1.6897,TRUE,UP,PE 42:9,sig,1.1073,0.0204
PEtOH 16:0_18:2,0.703809467,0.7297,FALSE,NO,NA,not,1.6288,0.1863
PG 16:0_18:1,0.083383588,0.153,FALSE,NO,NA,not,1.0595,0.7031
PG 16:0_18:2,-0.147202107,0.323,FALSE,NO,NA,not,0.903,0.4753
PG 16:0_19:1,-1.732643988,1.1283,TRUE,DOWN,PG 16:0_19:1,sig,0.3009,0.0744
PG 16:0_20:3,-0.25618347,0.5326,FALSE,NO,NA,not,0.8373,0.2934
PG 16:0_20:4,0.390557636,0.8392,FALSE,NO,NA,not,1.3109,0.1448
PG 16:0_22:6,0.327457434,0.4612,FALSE,NO,NA,not,1.2548,0.3458
PG 16:1_18:1,0.06942721,0.1623,FALSE,NO,NA,not,1.0493,0.6882
PG 16:1_18:1_2,0.327687364,0.6485,FALSE,NO,NA,not,1.255,0.2246
PG 16:1_18:2,0.106616329,0.1473,FALSE,NO,NA,not,1.0767,0.7124
PG 16:1_18:2_2,1.001514035,1.0309,TRUE,UP,PG 16:1_18:2_2,sig,2.0021,0.0931
PG 16:1_22:6,0.41196851,0.8222,FALSE,NO,NA,not,1.3305,0.1506
PG 16:2_22:6,0.201884743,0.3484,FALSE,NO,NA,not,1.1502,0.4483
PG 18:0_18:2,1.049979203,3.5042,TRUE,UP,PG 18:0_18:2,sig,2.0705,3.00E-04
PG 18:0_22:6,0.326422296,0.7572,FALSE,NO,NA,not,1.2539,0.1749
PG 18:1_18:1,0.252536767,0.5455,FALSE,NO,NA,not,1.1913,0.2848
PG 18:1_18:2,0.336397656,1.2222,TRUE,UP,PG 18:1_18:2,sig,1.2626,0.06
PG 18:1_18:2_2,0.140647793,0.3787,FALSE,NO,NA,not,1.1024,0.4181
PG 18:1_20:3,0.052276765,0.1276,FALSE,NO,NA,not,1.0369,0.7454
PG 18:1_20:3_2,0.036608829,0.0675,FALSE,NO,NA,not,1.0257,0.8561
PG 18:1_20:4,0.211136827,0.4215,FALSE,NO,NA,not,1.1576,0.3789
PG 18:1_20:4_2,0.342099565,1.3974,TRUE,UP,PG 18:1_20:4_2,sig,1.2676,0.04
PG 18:1_20:4_3,0.109828565,0.2244,FALSE,NO,NA,not,1.0791,0.5965
PG 18:1_20:5,0.118625514,0.2481,FALSE,NO,NA,not,1.0857,0.5648
PG 18:1_22:4,0.139076515,0.3077,FALSE,NO,NA,not,1.1012,0.4924
PG 18:1_22:5,0.047677975,0.1188,FALSE,NO,NA,not,1.0336,0.7607
PG 18:1_22:6,0.118891252,0.2407,FALSE,NO,NA,not,1.0859,0.5745
PG 18:2_18:2,0.783582374,2.4338,TRUE,UP,PG 18:2_18:2,sig,1.7214,0.0037
PG 18:2_18:3,1.076148597,1.8786,TRUE,UP,PG 18:2_18:3,sig,2.1084,0.0132
PG 18:2_18:3_2,0.646623508,0.9337,TRUE,UP,PG 18:2_18:3_2,sig,1.5655,0.1165
PG 18:2_20:3,-0.667721717,2.4376,TRUE,DOWN,PG 18:2_20:3,sig,0.6295,0.0037
PG 18:2_20:4,0.261350279,0.58,FALSE,NO,NA,not,1.1986,0.263
PG 18:2_20:5,0.242815884,0.508,FALSE,NO,NA,not,1.1833,0.3105
PG 18:2_22:5,0.123666196,0.2621,FALSE,NO,NA,not,1.0895,0.5469
PG 18:2_22:6,0.330787836,0.8674,TRUE,UP,PG 18:2_22:6,sig,1.2577,0.1357
PG 18:3_22:6,0.295605489,0.6267,FALSE,NO,NA,not,1.2274,0.2362
PG 18:3_22:6_2,0.386259141,0.4882,FALSE,NO,NA,not,1.307,0.3249
PG 20:0_22:6,-0.006072079,0.0101,FALSE,NO,NA,not,0.9958,0.977
PG 20:1_22:6,0.192951618,0.4237,FALSE,NO,NA,not,1.1431,0.377
PG 20:2_22:6,0.297015288,0.9988,TRUE,UP,PG 20:2_22:6,sig,1.2286,0.1003
PG 20:3_22:6,0.059493725,0.0708,FALSE,NO,NA,not,1.0421,0.8496
PG 20:4_22:4,-0.75097949,0.5857,FALSE,NO,NA,not,0.5942,0.2596
PG 20:4_22:5,-0.232768963,0.2511,FALSE,NO,NA,not,0.851,0.5609
PG 20:4_22:6,0.039278795,0.058,FALSE,NO,NA,not,1.0276,0.875
PG 20:5_22:5,0.104873377,0.1217,FALSE,NO,NA,not,1.0754,0.7556
PG 20:5_22:6,-0.393084058,0.7458,FALSE,NO,NA,not,0.7615,0.1796
PG 22:4_22:6,-0.1376478,0.1892,FALSE,NO,NA,not,0.909,0.6468
PG 22:5_22:6,-0.293005384,0.517,FALSE,NO,NA,not,0.8162,0.3041
PG 22:5_22:6_2,0.027578727,0.0422,FALSE,NO,NA,not,1.0193,0.9074
PG 22:6_22:6,-0.524500013,0.7303,FALSE,NO,NA,not,0.6952,0.1861
PI 16:0_18:2,-0.337885669,1.5575,TRUE,DOWN,PI 16:0_18:2,sig,0.7912,0.0277
PI 16:0_18:3,-0.137171742,0.5767,FALSE,NO,NA,not,0.9093,0.265
PI 16:0_20:3,-0.759258269,1.9604,TRUE,DOWN,PI 16:0_20:3,sig,0.5908,0.011
PI 16:0_20:4,-0.040823363,0.1812,FALSE,NO,NA,not,0.9721,0.6589
PI 16:0_20:5,-1.090495686,3.1193,TRUE,DOWN,PI 16:0_20:5,sig,0.4696,8.00E-04
PI 16:0_22:6,-0.548353672,2.0889,TRUE,DOWN,PI 16:0_22:6,sig,0.6838,0.0081
PI 16:1_18:2,-0.015520018,0.0125,FALSE,NO,NA,not,0.9893,0.9716
PI 16:1_20:4,-0.322108443,0.5083,FALSE,NO,NA,not,0.7999,0.3102
PI 17:0_18:2,-0.366243319,0.2226,FALSE,NO,NA,not,0.7758,0.599
PI 17:0_20:3,0.020768865,0.0368,FALSE,NO,NA,not,1.0145,0.9188
PI 17:0_20:4,-0.015665855,0.0909,FALSE,NO,NA,not,0.9892,0.8111
PI 17:0_20:5,1.253626278,0.6532,FALSE,NO,NA,not,2.3844,0.2222
PI 17:0_22:6,-0.112942706,0.7801,FALSE,NO,NA,not,0.9247,0.1659
PI 18:0_18:1,0.575699579,2.5843,TRUE,UP,PI 18:0_18:1,sig,1.4904,0.0026
PI 18:0_18:2,0.384270893,1.5731,TRUE,UP,PI 18:0_18:2,sig,1.3052,0.0267
PI 18:0_20:2,-0.197103705,0.3794,FALSE,NO,NA,not,0.8723,0.4174
PI 18:0_20:3,-0.342451452,0.8096,FALSE,NO,NA,not,0.7887,0.155
PI 18:0_20:3_2,-0.057391664,0.1386,FALSE,NO,NA,not,0.961,0.7268
PI 18:0_20:4,-0.074152452,0.2755,FALSE,NO,NA,not,0.9499,0.5303
PI 18:0_22:4,-0.436548966,0.7606,FALSE,NO,NA,not,0.7389,0.1735
PI 18:0_22:5,0.003026483,0.0083,FALSE,NO,NA,not,1.0021,0.9811
PI 18:0_22:5_2,-0.057992286,0.2134,FALSE,NO,NA,not,0.9606,0.6118
PI 18:0_22:6,0.204140717,1.7364,TRUE,UP,PI 18:0_22:6,sig,1.152,0.0183
PI 18:1_18:2,-0.076432432,0.217,FALSE,NO,NA,not,0.9484,0.6067
PI 18:1_20:3,-0.592266569,2.0995,TRUE,DOWN,PI 18:1_20:3,sig,0.6633,0.008
PI 18:1_20:4,-0.177555361,0.8407,FALSE,NO,NA,not,0.8842,0.1443
PI 18:1_20:4_2,0.13211616,0.653,FALSE,NO,NA,not,1.0959,0.2223
PI 18:1_22:5,-0.354759487,1.2867,TRUE,DOWN,PI 18:1_22:5,sig,0.782,0.0517
PI 18:1_22:6,-0.286304185,1.3058,TRUE,DOWN,PI 18:1_22:6,sig,0.82,0.0495
PI 18:2_18:2,-0.179678052,0.4138,FALSE,NO,NA,not,0.8829,0.3857
PI 18:2_18:3,-0.68896197,1.4138,TRUE,DOWN,PI 18:2_18:3,sig,0.6203,0.0386
PI 18:2_20:4,-0.018001258,0.0329,FALSE,NO,NA,not,0.9876,0.927
PI 19:0_18:2,0.183327706,0.2821,FALSE,NO,NA,not,1.1355,0.5223
PI 19:0_20:3,0.247806018,0.4468,FALSE,NO,NA,not,1.1874,0.3574
PI 19:0_20:4,-0.07126964,0.5886,FALSE,NO,NA,not,0.9518,0.2579
PI 19:1_20:4,-0.072786192,0.1278,FALSE,NO,NA,not,0.9508,0.7451
PI 20:0_20:3,-0.584673991,0.7422,FALSE,NO,NA,not,0.6668,0.1811
PI 20:0_20:4,-0.359379072,0.9262,TRUE,DOWN,PI 20:0_20:4,sig,0.7795,0.1185
PI 20:1_20:5,-0.092647816,0.1503,FALSE,NO,NA,not,0.9378,0.7075
PI 20:4_20:4,0.196984664,0.6385,FALSE,NO,NA,not,1.1463,0.2299
PI 38:2,0.065710164,0.1746,FALSE,NO,NA,not,1.0466,0.669
PI 38:6,-0.964094616,3.1837,TRUE,DOWN,PI 38:6,sig,0.5126,7.00E-04
PI 38:7,-0.306501891,0.5862,FALSE,NO,NA,not,0.8086,0.2593
PI 40:3,-0.351810697,0.3172,FALSE,NO,NA,not,0.7836,0.4817
PI 40:8,0.216361735,0.6456,FALSE,NO,NA,not,1.1618,0.2262
PS 16:0_18:2,0.312781328,0.4056,FALSE,NO,NA,not,1.2421,0.393
PS 16:0_20:4,-0.329703496,0.5395,FALSE,NO,NA,not,0.7957,0.2887
PS 16:0_20:4_2,0.014926544,0.0141,FALSE,NO,NA,not,1.0104,0.9681
PS 16:0_22:6,0.012783185,0.0135,FALSE,NO,NA,not,1.0089,0.9694
PS 17:0_20:4,-0.40908665,0.3935,FALSE,NO,NA,not,0.7531,0.4041
PS 18:0_18:1,-0.055591295,0.0666,FALSE,NO,NA,not,0.9622,0.8578
PS 18:0_18:2,-0.547509991,1.0752,TRUE,DOWN,PS 18:0_18:2,sig,0.6842,0.0841
PS 18:0_20:3,-0.065370276,0.0647,FALSE,NO,NA,not,0.9557,0.8616
PS 18:0_20:4,-0.107958761,0.1294,FALSE,NO,NA,not,0.9279,0.7423
PS 18:0_20:5,-0.084517342,0.1151,FALSE,NO,NA,not,0.9431,0.7672
PS 18:0_22:4,0.219214996,0.2257,FALSE,NO,NA,not,1.1641,0.5947
PS 18:0_22:5,0.011209361,0.0133,FALSE,NO,NA,not,1.0078,0.9698
PS 18:0_22:5_2,0.226261894,0.2847,FALSE,NO,NA,not,1.1698,0.5192
PS 18:0_22:6,0.038436182,0.0465,FALSE,NO,NA,not,1.027,0.8985
PS 18:1_20:4,0.285106251,0.2458,FALSE,NO,NA,not,1.2185,0.5678
PS 18:1_20:4_2,-0.009989098,0.0097,FALSE,NO,NA,not,0.9931,0.9779
PS 18:1_21:2,-0.269686114,0.3847,FALSE,NO,NA,not,0.8295,0.4124
PS 18:1_21:2_2,-0.172343542,0.2709,FALSE,NO,NA,not,0.8874,0.5359
PS 18:1_22:6,-0.267774223,0.5123,FALSE,NO,NA,not,0.8306,0.3074
PS 18:2_20:4,-0.263265256,0.3925,FALSE,NO,NA,not,0.8332,0.405
PS 18:2_22:6,-0.622598569,0.7497,FALSE,NO,NA,not,0.6495,0.178
PS 19:0_22:6,-0.625934282,0.9738,TRUE,DOWN,PS 19:0_22:6,sig,0.648,0.1062
PS 20:0_20:4,0.285934808,0.3981,FALSE,NO,NA,not,1.2192,0.3999
PS 20:0_22:6,-0.035638337,0.0379,FALSE,NO,NA,not,0.9756,0.9164
PS 20:3_20:4,0.320773477,0.511,FALSE,NO,NA,not,1.249,0.3083
PS 37:3,0.146915848,0.1936,FALSE,NO,NA,not,1.1072,0.6403
PS 40:5,0.056583528,0.0596,FALSE,NO,NA,not,1.04,0.8718
PS 40:6,-0.162783333,0.0773,FALSE,NO,NA,not,0.8933,0.837
SM d18:0_22:0,-0.015520018,0.0293,FALSE,NO,NA,not,0.9893,0.9348
SM d18:1_18:0,-0.434987819,1.379,TRUE,DOWN,SM d18:1_18:0,sig,0.7397,0.0418
SM d18:1_22:0,0.181675061,0.6387,FALSE,NO,NA,not,1.1342,0.2298
SM d18:1_24:1,0.106884289,0.2732,FALSE,NO,NA,not,1.0769,0.5331
SM d21:1_19:1,0.6296597,2.2055,TRUE,UP,SM d21:1_19:1,sig,1.5472,0.0062
SM d32:1,0.375623344,1.3144,TRUE,UP,SM d32:1,sig,1.2974,0.0485
SM d33:1,-0.407937702,0.9423,TRUE,DOWN,SM d33:1,sig,0.7537,0.1142
SM d34:0,-0.149760645,0.3355,FALSE,NO,NA,not,0.9014,0.4618
SM d34:1,0.044743821,0.3757,FALSE,NO,NA,not,1.0315,0.421
SM d34:2,0.264236151,0.6931,FALSE,NO,NA,not,1.201,0.2027
SM d36:1,0.194465332,1.7189,TRUE,UP,SM d36:1,sig,1.1443,0.0191
SM d38:1,-0.311506289,0.7129,FALSE,NO,NA,not,0.8058,0.1937
SM d39:1,-0.290356455,0.6689,FALSE,NO,NA,not,0.8177,0.2143
SM d40:0,0.056722242,0.1096,FALSE,NO,NA,not,1.0401,0.777
SM d40:1,-0.259806383,0.5009,FALSE,NO,NA,not,0.8352,0.3156
SM d40:2,-0.025470688,0.0499,FALSE,NO,NA,not,0.9825,0.8915
SM d41:0,-0.647241475,1.0599,TRUE,DOWN,SM d41:0,sig,0.6385,0.0871
SM d41:1,-0.292121867,0.6605,FALSE,NO,NA,not,0.8167,0.2185
SM d41:1_2,0.07299756,0.1967,FALSE,NO,NA,not,1.0519,0.6358
SM d41:2,-0.385714194,0.926,TRUE,DOWN,SM d41:2,sig,0.7654,0.1186
SM d42:0,-0.03209363,0.0981,FALSE,NO,NA,not,0.978,0.7978
SM d42:1,-0.27299445,0.6103,FALSE,NO,NA,not,0.8276,0.2453
SM d42:1_2,0.224534263,0.8992,TRUE,UP,SM d42:1_2,sig,1.1684,0.1261
SM d42:1_3,-0.486004021,0.9281,TRUE,DOWN,SM d42:1_3,sig,0.714,0.118
SM d42:2,-0.436158521,0.9659,TRUE,DOWN,SM d42:2,sig,0.7391,0.1082
SM d42:3,-0.067334052,0.1325,FALSE,NO,NA,not,0.9544,0.7371
SM d43:1,-0.08100323,0.2675,FALSE,NO,NA,not,0.9454,0.5401
SM d43:1_2,-0.220614194,0.2055,FALSE,NO,NA,not,0.8582,0.623
SM d44:1,0.266156864,0.6463,FALSE,NO,NA,not,1.2026,0.2258
TG 12:0_14:0_22:4,3.496053234,2.362,TRUE,UP,TG 12:0_14:0_22:4,sig,11.2828,0.0043
TG 12:0_16:0_18:2,3.405202744,2.922,TRUE,UP,TG 12:0_16:0_18:2,sig,10.5942,0.0012
TG 12:0_16:1_18:2,3.010278567,3.2768,TRUE,UP,TG 12:0_16:1_18:2,sig,8.0572,5.00E-04
TG 12:0_18:2_18:2,2.875268936,3.0345,TRUE,UP,TG 12:0_18:2_18:2,sig,7.3374,9.00E-04
TG 12:0_18:2_18:3,2.93632699,3.0531,TRUE,UP,TG 12:0_18:2_18:3,sig,7.6546,9.00E-04
TG 14:0_16:0_18:1,2.491519635,3.5253,TRUE,UP,TG 14:0_16:0_18:1,sig,5.6237,3.00E-04
TG 14:0_16:0_18:2,2.918176303,3.1206,TRUE,UP,TG 14:0_16:0_18:2,sig,7.5589,8.00E-04
TG 15:0_16:0_18:1,1.560959458,2.763,TRUE,UP,TG 15:0_16:0_18:1,sig,2.9505,0.0017
TG 15:0_18:1_18:2,1.200504353,2.0614,TRUE,UP,TG 15:0_18:1_18:2,sig,2.2982,0.0087
TG 15:0_18:2_18:2,1.02672925,2.0452,TRUE,UP,TG 15:0_18:2_18:2,sig,2.0374,0.009
TG 16:0_16:0_16:0,1.534111418,3.0152,TRUE,UP,TG 16:0_16:0_16:0,sig,2.8961,0.001
TG 16:0_16:0_18:0,1.162016633,2.7194,TRUE,UP,TG 16:0_16:0_18:0,sig,2.2377,0.0019
TG 16:0_16:0_18:1,1.55924706,3.4179,TRUE,UP,TG 16:0_16:0_18:1,sig,2.947,4.00E-04
TG 16:0_16:0_18:2,1.857861595,3.3833,TRUE,UP,TG 16:0_16:0_18:2,sig,3.6247,4.00E-04
TG 16:0_16:0_22:6,1.426747809,2.5822,TRUE,UP,TG 16:0_16:0_22:6,sig,2.6884,0.0026
TG 16:0_16:1_18:2,1.835439053,5.1485,TRUE,UP,TG 16:0_16:1_18:2,sig,3.5688,0
TG 16:0_16:1_20:5,1.758516389,2.3823,TRUE,UP,TG 16:0_16:1_20:5,sig,3.3835,0.0041
TG 16:0_16:1_22:6,1.766213502,4.2949,TRUE,UP,TG 16:0_16:1_22:6,sig,3.4016,1.00E-04
TG 16:0_16:2_18:2,2.049804996,3.7565,TRUE,UP,TG 16:0_16:2_18:2,sig,4.1405,2.00E-04
TG 16:0_16:3_18:2,2.48362233,3.3711,TRUE,UP,TG 16:0_16:3_18:2,sig,5.593,4.00E-04
TG 16:0_17:0_18:0,0.85814018,1.5705,TRUE,UP,TG 16:0_17:0_18:0,sig,1.8127,0.0269
TG 16:0_17:1_18:1,1.499935156,2.8619,TRUE,UP,TG 16:0_17:1_18:1,sig,2.8283,0.0014
TG 16:0_18:0_18:0,1.677260161,1.5728,TRUE,UP,TG 16:0_18:0_18:0,sig,3.1982,0.0267
TG 16:0_18:0_18:1,1.263274835,2.261,TRUE,UP,TG 16:0_18:0_18:1,sig,2.4004,0.0055
TG 16:0_18:0_20:4,1.119820952,1.5251,TRUE,UP,TG 16:0_18:0_20:4,sig,2.1732,0.0298
TG 16:0_18:0_22:6,1.688180359,NA,TRUE,UP,TG 16:0_18:0_22:6,sig,3.2225,0
TG 16:0_18:1_18:1,0.949572284,3.3429,TRUE,UP,TG 16:0_18:1_18:1,sig,1.9313,5.00E-04
TG 16:0_18:1_18:2,1.001658146,3.0356,TRUE,UP,TG 16:0_18:1_18:2,sig,2.0023,9.00E-04
TG 16:0_18:1_20:0,0.85806059,0.6447,FALSE,NO,NA,not,1.8126,0.2266
TG 16:0_18:1_20:0_2,1.025808419,1.7914,TRUE,UP,TG 16:0_18:1_20:0_2,sig,2.0361,0.0162
TG 16:0_18:1_20:4,1.010421805,3.4539,TRUE,UP,TG 16:0_18:1_20:4,sig,2.0145,4.00E-04
TG 16:0_18:1_22:6,1.105678078,2.924,TRUE,UP,TG 16:0_18:1_22:6,sig,2.152,0.0012
TG 16:0_18:2_18:2,0.982728961,3.2909,TRUE,UP,TG 16:0_18:2_18:2,sig,1.9762,5.00E-04
TG 16:0_18:2_18:3,1.364908555,4.105,TRUE,UP,TG 16:0_18:2_18:3,sig,2.5756,1.00E-04
TG 16:0_18:2_18:4,1.333480982,4.2578,TRUE,UP,TG 16:0_18:2_18:4,sig,2.5201,1.00E-04
TG 16:0_18:2_20:4,1.591583681,4.7551,TRUE,UP,TG 16:0_18:2_20:4,sig,3.0138,0
TG 16:0_18:2_20:5,1.071694033,3.8502,TRUE,UP,TG 16:0_18:2_20:5,sig,2.1019,1.00E-04
TG 16:0_18:2_22:5,1.249991368,3.6553,TRUE,UP,TG 16:0_18:2_22:5,sig,2.3784,2.00E-04
TG 16:0_18:2_22:6,0.853277114,2.6891,TRUE,UP,TG 16:0_18:2_22:6,sig,1.8066,0.002
TG 16:0_18:3_22:6,1.545029324,2.3401,TRUE,UP,TG 16:0_18:3_22:6,sig,2.9181,0.0046
TG 16:0_20:4_22:6,1.51898827,1.9379,TRUE,UP,TG 16:0_20:4_22:6,sig,2.8659,0.0115
TG 16:0_20:5_22:6,1.813811968,3.4337,TRUE,UP,TG 16:0_20:5_22:6,sig,3.5157,4.00E-04
TG 16:0_22:5_22:7,1.354847056,3.1075,TRUE,UP,TG 16:0_22:5_22:7,sig,2.5577,8.00E-04
TG 16:0_22:6_22:6,1.221444053,2.4277,TRUE,UP,TG 16:0_22:6_22:6,sig,2.3318,0.0037
TG 16:1_16:2_18:2,2.615063114,4.0302,TRUE,UP,TG 16:1_16:2_18:2,sig,6.1265,1.00E-04
TG 16:1_18:2_18:2,1.81954557,4.9212,TRUE,UP,TG 16:1_18:2_18:2,sig,3.5297,0
TG 16:1_18:2_18:3,2.089362553,3.6741,TRUE,UP,TG 16:1_18:2_18:3,sig,4.2556,2.00E-04
TG 16:1_18:2_20:5,1.874010006,4.6617,TRUE,UP,TG 16:1_18:2_20:5,sig,3.6655,0
TG 16:1_18:2_22:6,1.641222311,4.0457,TRUE,UP,TG 16:1_18:2_22:6,sig,3.1193,1.00E-04
TG 16:1_20:5_22:6,1.375845725,3.5302,TRUE,UP,TG 16:1_20:5_22:6,sig,2.5952,3.00E-04
TG 16:2_18:2_18:3,2.335254565,4.1079,TRUE,UP,TG 16:2_18:2_18:3,sig,5.0464,1.00E-04
TG 16:2_18:2_20:5,2.110363243,4.005,TRUE,UP,TG 16:2_18:2_20:5,sig,4.318,1.00E-04
TG 16:3_18:2_18:2,2.262523361,3.1812,TRUE,UP,TG 16:3_18:2_18:2,sig,4.7983,7.00E-04
TG 17:0_18:1_18:2,1.27339653,2.5601,TRUE,UP,TG 17:0_18:1_18:2,sig,2.4173,0.0028
TG 18:0_18:1_22:6,1.475759367,1.1154,TRUE,UP,TG 18:0_18:1_22:6,sig,2.7813,0.0767
TG 18:0_18:2_20:4,1.075395714,0.5348,FALSE,NO,NA,not,2.1073,0.2919
TG 18:1_18:1_18:1,1.264356271,2.589,TRUE,UP,TG 18:1_18:1_18:1,sig,2.4022,0.0026
TG 18:1_18:1_18:2,1.466496613,2.6055,TRUE,UP,TG 18:1_18:1_18:2,sig,2.7635,0.0025
TG 18:1_18:1_22:6,1.233704031,1.9054,TRUE,UP,TG 18:1_18:1_22:6,sig,2.3517,0.0124
TG 18:1_18:2_18:2,1.449270826,2.5193,TRUE,UP,TG 18:1_18:2_18:2,sig,2.7307,0.003
TG 18:1_18:2_19:0,0.619459965,0.4098,FALSE,NO,NA,not,1.5363,0.3892
TG 18:1_18:2_20:0,0.882447416,1.3513,TRUE,UP,TG 18:1_18:2_20:0,sig,1.8435,0.0445
TG 18:1_18:2_20:1,1.361656083,2.2901,TRUE,UP,TG 18:1_18:2_20:1,sig,2.5698,0.0051
TG 18:1_18:2_20:5,1.603216843,3.6137,TRUE,UP,TG 18:1_18:2_20:5,sig,3.0382,2.00E-04
TG 18:1_18:2_22:0,0.613343053,0.9581,TRUE,UP,TG 18:1_18:2_22:0,sig,1.5298,0.1101
TG 18:1_18:2_22:5,1.382445921,2.9041,TRUE,UP,TG 18:1_18:2_22:5,sig,2.6071,0.0012
TG 18:1_18:2_22:6,1.407026374,2.1063,TRUE,UP,TG 18:1_18:2_22:6,sig,2.6519,0.0078
TG 18:2_18:2_18:2,1.619178216,3.0262,TRUE,UP,TG 18:2_18:2_18:2,sig,3.072,9.00E-04
TG 18:2_18:2_18:3,1.614003045,3.1853,TRUE,UP,TG 18:2_18:2_18:3,sig,3.061,7.00E-04
TG 18:2_18:2_18:3_2,1.775050541,4.0836,TRUE,UP,TG 18:2_18:2_18:3_2,sig,3.4225,1.00E-04
TG 18:2_18:2_18:4,1.790563541,3.9786,TRUE,UP,TG 18:2_18:2_18:4,sig,3.4595,1.00E-04
TG 18:2_18:2_20:5,1.617721636,3.5314,TRUE,UP,TG 18:2_18:2_20:5,sig,3.0689,3.00E-04
TG 18:2_18:2_22:5,1.410286826,2.7707,TRUE,UP,TG 18:2_18:2_22:5,sig,2.6579,0.0017
TG 18:2_18:2_22:6,1.548091323,2.09,TRUE,UP,TG 18:2_18:2_22:6,sig,2.9243,0.0081
TG 18:2_18:3_18:3,1.504518701,1.6109,TRUE,UP,TG 18:2_18:3_18:3,sig,2.8373,0.0245
TG 18:2_18:3_18:4,1.611455697,2.5054,TRUE,UP,TG 18:2_18:3_18:4,sig,3.0556,0.0031
TG 18:2_18:3_20:5,1.423739507,5.1546,TRUE,UP,TG 18:2_18:3_20:5,sig,2.6828,0
TG 18:2_18:3_22:6,1.258277702,3.1583,TRUE,UP,TG 18:2_18:3_22:6,sig,2.3921,7.00E-04
TG 18:2_20:4_22:6,1.461214213,2.0145,TRUE,UP,TG 18:2_20:4_22:6,sig,2.7534,0.0097
TG 18:2_20:5_22:6,1.266156864,2.1401,TRUE,UP,TG 18:2_20:5_22:6,sig,2.4052,0.0072
TG 18:2_22:6_22:6,1.029488224,1.3888,TRUE,UP,TG 18:2_22:6_22:6,sig,2.0413,0.0409
TG 42:2,2.161371766,4.1295,TRUE,UP,TG 42:2,sig,4.4734,1.00E-04
TG 44:2,2.825378604,3.0496,TRUE,UP,TG 44:2,sig,7.088,9.00E-04
TG 46:3,3.302786955,3.4993,TRUE,UP,TG 46:3,sig,9.8682,3.00E-04
TG 48:3,2.809970012,3.5191,TRUE,UP,TG 48:3,sig,7.0127,3.00E-04
TG 48:4,2.854514365,2.9447,TRUE,UP,TG 48:4,sig,7.2326,0.0011
TG 48:5,3.126543419,3.3853,TRUE,UP,TG 48:5,sig,8.7334,4.00E-04
TG 50:1,1.554490622,3.3858,TRUE,UP,TG 50:1,sig,2.9373,4.00E-04
TG 50:3,1.828915869,4.9915,TRUE,UP,TG 50:3,sig,3.5527,0
TG 50:5,2.959825785,3.3257,TRUE,UP,TG 50:5,sig,7.7803,5.00E-04
TG 50:6,2.778061355,1.6967,TRUE,UP,TG 50:6,sig,6.8593,0.0201
TG 50:6_2,3.582206727,2.3043,TRUE,UP,TG 50:6_2,sig,11.9771,0.005
TG 51:3,1.316203681,3.5469,TRUE,UP,TG 51:3,sig,2.4901,3.00E-04
TG 51:4,1.013640911,2.0237,TRUE,UP,TG 51:4,sig,2.019,0.0095
TG 52:2,0.952184443,3.3577,TRUE,UP,TG 52:2,sig,1.9348,4.00E-04
TG 52:3,1.004681156,3.0482,TRUE,UP,TG 52:3,sig,2.0065,9.00E-04
TG 52:5,1.836045304,4.6907,TRUE,UP,TG 52:5,sig,3.5703,0
TG 52:5_2,1.347779027,3.084,TRUE,UP,TG 52:5_2,sig,2.5452,8.00E-04
TG 52:6,1.387307391,5.7919,TRUE,UP,TG 52:6,sig,2.6159,0
TG 52:6_2,2.113600494,3.9693,TRUE,UP,TG 52:6_2,sig,4.3277,1.00E-04
TG 52:7,2.317622445,3.9238,TRUE,UP,TG 52:7,sig,4.9851,1.00E-04
TG 52:7_2,2.346389625,3.9195,TRUE,UP,TG 52:7_2,sig,5.0855,1.00E-04
TG 52:8,2.65777718,2.1582,TRUE,UP,TG 52:8,sig,6.3106,0.0069
TG 53:2,0.951960729,3.3467,TRUE,UP,TG 53:2,sig,1.9345,5.00E-04
TG 53:3,1.277449215,2.5933,TRUE,UP,TG 53:3,sig,2.4241,0.0026
TG 54:1,0.562669826,0.9736,TRUE,UP,TG 54:1,sig,1.477,0.1063
TG 54:2,1.123931008,2.4163,TRUE,UP,TG 54:2,sig,2.1794,0.0038
TG 54:3,1.255077682,2.5735,TRUE,UP,TG 54:3,sig,2.3868,0.0027
TG 54:4,1.46252354,2.5997,TRUE,UP,TG 54:4,sig,2.7559,0.0025
TG 54:4_2,0.340277405,0.7093,FALSE,NO,NA,not,1.266,0.1953
TG 54:5,1.095114259,3.6175,TRUE,UP,TG 54:5,sig,2.1363,2.00E-04
TG 54:6,1.590051039,2.9267,TRUE,UP,TG 54:6,sig,3.0106,0.0012
TG 54:6_2,1.592827755,4.8197,TRUE,UP,TG 54:6_2,sig,3.0164,0
TG 54:7,1.644410078,3.1948,TRUE,UP,TG 54:7,sig,3.1262,6.00E-04
TG 54:7_2,1.076901088,3.8775,TRUE,UP,TG 54:7_2,sig,2.1095,1.00E-04
TG 54:7_3,1.841248571,3.5394,TRUE,UP,TG 54:7_3,sig,3.5832,3.00E-04
TG 54:8,1.707259728,4.0566,TRUE,UP,TG 54:8,sig,3.2654,1.00E-04
TG 54:8_3,1.596124144,3.2174,TRUE,UP,TG 54:8_3,sig,3.0233,6.00E-04
TG 54:8_4,1.829484274,4.6279,TRUE,UP,TG 54:8_4,sig,3.5541,0
TG 54:9,1.599793852,2.385,TRUE,UP,TG 54:9,sig,3.031,0.0041
TG 54:9_2,2.100506761,4.0571,TRUE,UP,TG 54:9_2,sig,4.2886,1.00E-04
TG 56:10_2,1.802813598,2.5115,TRUE,UP,TG 56:10_2,sig,3.489,0.0031
TG 56:11,1.481505617,2.8874,TRUE,UP,TG 56:11,sig,2.7924,0.0013
TG 56:2,0.806530289,2.0193,TRUE,UP,TG 56:2,sig,1.749,0.0096
TG 56:3,1.086783766,1.7137,TRUE,UP,TG 56:3,sig,2.124,0.0193
TG 56:5,0.886355044,2.7274,TRUE,UP,TG 56:5,sig,1.8485,0.0019
TG 56:6,0.925695661,2.6648,TRUE,UP,TG 56:6,sig,1.8996,0.0022
TG 56:7,1.249506021,3.4117,TRUE,UP,TG 56:7,sig,2.3776,4.00E-04
TG 56:7_2,1.068464451,2.8726,TRUE,UP,TG 56:7_2,sig,2.0972,0.0013
TG 56:8,0.868212636,2.5334,TRUE,UP,TG 56:8,sig,1.8254,0.0029
TG 56:8_2,1.842455949,2.2156,TRUE,UP,TG 56:8_2,sig,3.5862,0.0061
TG 56:9,1.634639731,4.6322,TRUE,UP,TG 56:9,sig,3.1051,0
TG 56:9_2,1.657822903,4.349,TRUE,UP,TG 56:9_2,sig,3.1554,0
TG 58:10,1.55198351,2.2208,TRUE,UP,TG 58:10,sig,2.9322,0.006
TG 58:11,1.526970214,3.0987,TRUE,UP,TG 58:11,sig,2.8818,8.00E-04
TG 58:11_2,1.335940529,1.3647,TRUE,UP,TG 58:11_2,sig,2.5244,0.0432
TG 58:11_3,1.244887059,3.1733,TRUE,UP,TG 58:11_3,sig,2.37,7.00E-04
TG 58:12,1.389897162,3.3555,TRUE,UP,TG 58:12,sig,2.6206,4.00E-04
TG 58:8,1.347438889,2.0572,TRUE,UP,TG 58:8,sig,2.5446,0.0088
TG 58:8_2,1.162596766,1.6629,TRUE,UP,TG 58:8_2,sig,2.2386,0.0217
TG 58:9,1.199311135,2.6108,TRUE,UP,TG 58:9,sig,2.2963,0.0025
TG 58:9_2,1.40599236,1.9984,TRUE,UP,TG 58:9_2,sig,2.65,0.01
TG 60:11,1.23878686,3.1882,TRUE,UP,TG 60:11,sig,2.36,6.00E-04
TG 60:12,1.382556591,2.026,TRUE,UP,TG 60:12,sig,2.6073,0.0094
TG 62:14,1.015140705,1.4956,TRUE,UP,TG 62:14,sig,2.0211,0.0319